g24.t1,"5.B.2.1"
g25.t1,"5.B.2.1"
g108.t1,"2.A.29.2.1,2.A.29.2.9"
g112.t1,"1.I.1"
g116.t1,"1.I.1"
g117.t1,"1.I.1"
g118.t1,"1.I.1"
g246.t1,"2.A.17.3"
g449.t1,"3.A.2.1"
g482.t1,"2.A.57.1"
g483.t1,"2.A.57.1"
g543.t1,"3.A.1.201"
g576.t1,"1.A.15.1,1.A.15.2"
g638.t1,"2.A.5.1,2.A.5.3,2.A.5.6"
g675.t1,"3.A.1.201"
g725.t1,"1.A.1.4"
g750.t1,"2.A.7.13"
g818.t1,"5.B.2.1"
g819.t1,"5.B.2.1"
g912.t1,"2.A.29.2.1,2.A.29.2.9"
g917.t1,"1.I.1"
g919.t1,"1.I.1"
g922.t1,"1.I.1"
g925.t1,"1.I.1"
g931.t1,"1.I.1"
g932.t1,"1.I.1"
g933.t1,"1.I.1"
g935.t1,"1.I.1"
g936.t1,"1.I.1"
g1050.t1,"3.A.1.201"
g1051.t1,"2.A.17.3"
g1232.t1,"3.A.2.1"
g1256.t1,"3.A.1.201"
g1260.t1,"3.A.1.201"
g1264.t1,"2.A.57.1"
g1265.t1,"2.A.57.1"
g1367.t1,"3.A.1.201"
g1409.t1,"3.A.1.201"
g1423.t1,"3.A.1.201"
g1463.t1,"3.A.1.201"
g1485.t1,"3.A.1.201"
g1573.t1,"2.A.5.1,2.A.5.3,2.A.5.6"
g1609.t1,"3.A.1.201"
g1658.t1,"1.A.1.4"
g1683.t1,"2.A.7.13"
g1855.t1,"3.A.1.201"
g1984.t1,"3.A.1.201"
g2120.t1,"2.A.66.1"
g2191.t1,"1.A.1.4"
g2211.t1,"3.A.20.1,9.A.17.1"
g2243.t1,"3.A.1.201"
g2349.t1,"2.A.1.1.25,2.A.1.1.62,2.A.1.1.63,2.A.1.1.66,2.A.1.8"
g2389.t1,"3.A.1.201"
g2400.t1,"3.A.1.201"
g2423.t1,"1.A.1.4"
g2534.t1,"2.A.7.9"
g2648.t1,"3.A.1.201"
g2696.t1,"1.A.1.4"
g2721.t1,"3.A.1.201"
g2895.t1,"3.A.1.201"
g2924.t1,"3.A.1.201"
g3322.t1,"1.A.1.4"
g3332.t1,"3.A.20.1,9.A.17.1"
g3481.t1,"1.A.1.4"
g3581.t1,"2.A.7.9"
g3695.t1,"3.A.1.201"
g3743.t1,"1.A.1.4"
g3768.t1,"3.A.1.201"
g3909.t1,"3.D.1.6"
g3910.t1,"3.D.1.6"
g3925.t1,"3.A.2.1"
g3934.t1,"3.A.2.1"
g3984.t1,"2.A.7.11.1,2.A.7.11.4"
g3996.t1,"3.A.1.201"
g4041.t1,"1.B.8.1"
g4135.t1,"2.A.7.11.1,2.A.7.11.4"
g4143.t1,"3.A.1.201"
g4189.t1,"1.B.8.1"
g4334.t1,"9.B.188,9.B.188.1.2"
g4339.t1,"3.A.1.201"
g4487.t1,"3.A.3.8"
g4488.t1,"3.A.3.8"
g4490.t1,"3.A.3.8"
g4573.t1,"3.A.1.208,3.A.1.208.2,3.A.1.208.8"
g4589.t1,"3.A.1.208,3.A.1.208.2,3.A.1.208.8"
g4613.t1,"3.A.1.208,3.A.1.208.2,3.A.1.208.8"
g4736.t1,"3.A.1.201"
g4784.t1,"3.A.1.201"
g4895.t1,"2.A.29.1"
g4923.t1,"3.A.1.201"
g5019.t1,"2.A.29.1"
g5104.t1,"3.A.1.201"
g5129.t1,"3.D.1.6"
g5205.t1,"3.A.1.201"
g5416.t1,"3.A.1.208,3.A.1.208.2,3.A.1.208.8"
g5422.t1,"3.A.1.201"
g5423.t1,"3.A.1.201"
g5428.t1,"3.A.1.201"
g5627.t1,"1.A.33"
g6310.t1,"1.A.23.4"
g6382.t1,"3.D.1.6"
g6392.t1,"3.D.4.11,3.D.4.7,3.D.4.8"
g6880.t1,"1.A.23.4"
g6941.t1,"1.A.33"
g7275.t1,"3.D.1.6"
g7286.t1,"3.D.1.6"
g7293.t1,"3.D.1.6"
g7329.t1,"2.A.66.1"
g7354.t1,"1.A.1.4"
g7720.t1,"1.A.23.4"
g7750.t1,"1.A.33"
g7887.t1,"3.A.3.8"
g7953.t1,"1.A.11"
g8054.t1,"3.D.4.11,3.D.4.7,3.D.4.8"
g8056.t1,"3.D.4.11,3.D.4.7,3.D.4.8"
g8061.t1,"3.D.1.6"
g8067.t1,"3.D.1.6"
g8068.t1,"3.D.1.6"
g8131.t1,"1.A.23.4"
g8296.t1,"2.A.66.1"
g8876.t1,"9.A.40.3"
g8921.t1,"3.A.1.201"
g9015.t1,"2.A.17.3"
g9098.t1,"3.A.1.201"
g9131.t1,"9.A.40.3"
g9252.t1,"3.A.1.208,3.A.1.208.2,3.A.1.208.8"
g9276.t1,"2.A.17.3"
g9429.t1,"2.A.39"
g9582.t1,"3.A.3.8"
g9592.t1,"3.A.3.8"
g9608.t1,"3.A.5.8"
g9659.t1,"1.A.1.4"
g9734.t1,"3.A.5.9"
g9749.t1,"1.A.33"
g9756.t1,"3.A.5.9"
g9765.t1,"3.A.5.9"
g9777.t1,"3.A.5.9"
g9806.t1,"3.A.5.9"
g9824.t1,"3.A.5.9"
g9826.t1,"3.A.5.9"
g9828.t1,"3.A.5.9"
g10149.t1,"1.I.1"
g11136.t1,"3.D.1.6"
g11137.t1,"3.D.4.11,3.D.4.7,3.D.4.8"
g11210.t1,"3.A.1.208,3.A.1.208.2,3.A.1.208.8"
g11224.t1,"2.A.66.1"
g11271.t1,"3.A.1.208,3.A.1.208.2,3.A.1.208.8"
g11567.t1,"1.I.1"
g11569.t1,"1.I.1"
g11607.t1,"1.I.1"
g11612.t1,"1.I.1"
g12138.t1,"3.A.1.208,3.A.1.208.2,3.A.1.208.8"
g12237.t1,"3.A.1.201"
g12282.t1,"3.D.1.6"
g12283.t1,"3.D.1.6"
g12318.t1,"3.A.1.201"
g12393.t1,"9.B.188.1.2"
g12711.t1,"3.A.5.9"
g12755.t1,"3.A.5.9"
g12761.t1,"3.A.5.9"
g12763.t1,"3.A.5.9"
g12855.t1,"1.B.33"
g13082.t1,"3.A.2.1"
g13142.t1,"1.I.1"
g13582.t1,"1.I.1"
g13746.t1,"1.A.33"
g13885.t1,"1.I.1"
g13888.t1,"1.I.1"
g13919.t1,"1.I.1"
g14520.t1,"1.A.1.4"
g14699.t1,"2.A.17.3"
g14790.t1,"1.A.33"
g14881.t1,"3.A.2.1"
g15433.t1,"3.A.1.201"
g15497.t1,"3.A.1.201"
g15785.t1,"2.A.18.5"
g15865.t1,"1.A.8"
g16348.t1,"1.A.1.4"
g16614.t1,"1.I.1"
g16616.t1,"1.I.1"
g16802.t1,"2.A.29"
g16804.t1,"2.A.29"
g16851.t1,"2.A.29"
g16870.t1,"2.A.29"
g17064.t1,"3.A.1.208"
g17202.t1,"3.A.1.201"
g17474.t1,"1.A.10.1.10,1.A.10.1.18,1.A.10.1.7"
g17477.t1,"1.A.10.1.10,1.A.10.1.18,1.A.10.1.7"
g17480.t1,"1.A.10.1.10,1.A.10.1.18,1.A.10.1.7"
g17481.t1,"1.A.10.1.10,1.A.10.1.18,1.A.10.1.7"
g17482.t1,"1.A.10.1.10,1.A.10.1.18,1.A.10.1.7"
g17597.t1,"3.A.1.201"
g17648.t1,"3.A.1.201"
g17868.t1,"2.A.29"
g17914.t1,"2.A.29"
g17932.t1,"2.A.29"
g18258.t1,"3.A.1.201"
g18531.t1,"1.A.10.1.10,1.A.10.1.18,1.A.10.1.7"
g18534.t1,"1.A.10.1.10,1.A.10.1.18,1.A.10.1.7"
g18537.t1,"1.A.10.1.10,1.A.10.1.18,1.A.10.1.7"
g18538.t1,"1.A.10.1.10,1.A.10.1.18,1.A.10.1.7"
g18679.t1,"3.A.1.201"
g18730.t1,"3.A.1.201"
g19074.t1,"3.A.1.208,3.A.1.208.2,3.A.1.208.8"
g19260.t1,"2.A.66.1"
g19452.t1,"3.A.1.201"
g19947.t1,"1.A.33.1"
g20012.t1,"3.A.1.201"
g20047.t1,"3.A.1.201"
g20101.t1,"3.A.1.201"
g20191.t1,"1.A.1.4"
g20265.t1,"2.A.66.1"
g20409.t1,"2.A.29.16,2.A.29.28"
g20439.t1,"3.D.1.6"
g20477.t1,"1.A.33"
g20493.t1,"4.D.3.1.9"
g20563.t1,"2.A.36.1.12,2.A.36.1.3,2.A.36.1.9"
g20619.t1,"3.A.1.201"
g20716.t1,"3.A.1.201"
g20764.t1,"3.A.3.2"
g20784.t1,"3.A.1.208.2,3.A.1.208.8"
g20787.t1,"2.A.1.1.46"
g20813.t1,"2.A.17.3"
g20899.t1,"9.A.40.3"
g20992.t1,"1.A.8.12"
g20996.t1,"1.A.8.12"
g21026.t1,"2.A.29.20.1"
g21040.t1,"3.A.20.1"
g21156.t1,"4.C.1.1"
g21218.t1,"3.A.5.1,3.A.5.10,3.A.5.2,3.A.5.4"
g21303.t1,"2.A.69.1"
g21304.t1,"2.A.69.1"
g21553.t1,"3.A.2.1"
g21564.t1,"4.D.3.1.4,4.D.3.1.7"
g21565.t1,"4.D.3.1.4,4.D.3.1.7"
g21575.t1,"3.A.1.201"
g21579.t1,"3.A.2.1"
g21588.t1,"2.A.29.1"
g21639.t1,"1.A.12.2.2,1.A.12.3.2"
g21679.t1,"2.A.3.2,2.A.3.3,2.A.3.3.2,2.A.3.3.5"
g21736.t1,"3.A.2.2"
g21753.t1,"1.A.31.1.5"
g21779.t1,"2.A.7.9"
g21800.t1,"1.A.12.2.2,1.A.12.3.2"
g21802.t1,"1.A.12.2.2,1.A.12.3.2"
g21807.t1,"1.A.12.2.2,1.A.12.3.2"
g21808.t1,"1.A.12.2.2,1.A.12.3.2"
g21809.t1,"1.A.12.2.2,1.A.12.3.2"
g21867.t1,"9.B.35.1.3"
g21879.t1,"2.A.17.3"
g21929.t1,"3.D.1.6"
g21984.t1,"9.A.49.1"
g21985.t1,"9.A.49.1"
g22009.t1,"1.A.14.1.1,1.A.14.1.2,1.A.14.1.3,1.A.14.1.4"
g22010.t1,"1.A.14.1.1,1.A.14.1.2,1.A.14.1.3,1.A.14.1.4"
g22011.t1,"1.A.14.1.1,1.A.14.1.2,1.A.14.1.3,1.A.14.1.4"
g22013.t1,"1.A.14.1.1,1.A.14.1.2,1.A.14.1.3,1.A.14.1.4"
g22017.t1,"1.A.14.1.1,1.A.14.1.2,1.A.14.1.3,1.A.14.1.4"
g22018.t1,"1.A.14.1.1,1.A.14.1.2,1.A.14.1.3,1.A.14.1.4"
g22020.t1,"1.A.14.1.1,1.A.14.1.2,1.A.14.1.3,1.A.14.1.4"
g22021.t1,"1.A.14.1.1,1.A.14.1.2,1.A.14.1.3,1.A.14.1.4"
g22022.t1,"1.A.14.1.1,1.A.14.1.2,1.A.14.1.3,1.A.14.1.4"
g22024.t1,"1.A.14.1.1,1.A.14.1.2,1.A.14.1.3,1.A.14.1.4"
g22025.t1,"1.A.14.1.1,1.A.14.1.2,1.A.14.1.3,1.A.14.1.4"
g22029.t1,"1.A.14.1.1,1.A.14.1.2,1.A.14.1.3,1.A.14.1.4"
g22030.t1,"1.A.14.1.1,1.A.14.1.2,1.A.14.1.3,1.A.14.1.4"
g22050.t1,"3.A.1.201"
g22053.t1,"3.A.1.201"
g22120.t1,"1.I.1"
g22188.t1,"2.A.17.3"
g22210.t1,"8.A.61"
g22246.t1,"3.A.5.1,3.A.5.2,3.A.5.7"
g22278.t1,"1.A.101.1,3.A.20.1.1"
g22292.t1,"2.A.7.11.5"
g22298.t1,"3.A.19.1,3.A.21.1,3.A.4.1"
g22300.t1,"3.A.20.1,9.A.17.1"
g22316.t1,"3.A.1.208,3.A.1.208.2,3.A.1.208.8"
g22446.t1,"1.A.8,1.A.8.11"
g22448.t1,"2.A.1.14"
g22461.t1,"2.A.66.1"
g22557.t1,"2.A.29"
g22560.t1,"2.A.7.12"
g22562.t1,"2.A.3.2"
g22566.t1,"2.A.29.23"
g22595.t1,"1.A.1.5"
g22647.t1,"3.A.3.2"
g22724.t1,"3.A.3.10"
g22729.t1,"2.A.17.3"
g22737.t1,"3.A.3.8"
g22773.t1,"9.A.49.1"
g22780.t1,"2.A.64"
g22787.t1,"1.A.11"
g22790.t1,"3.A.3.2"
g22793.t1,"3.A.3.2"
g22804.t1,"1.A.31.1.5"
g22805.t1,"1.A.31.1.5"
g22806.t1,"1.A.31.1.5"
g22883.t1,"1.A.23.4"
g22907.t1,"2.A.36.1.12,2.A.36.1.3,2.A.36.1.9"
g22913.t1,"3.A.8.1"
g22915.t1,"3.A.8.1"
g22949.t1,"2.A.1.1.46"
g22950.t1,"2.A.1.1.46"
g22962.t1,"2.A.1.1.46"
g23003.t1,"2.A.19.4.4"
g23013.t1,"2.A.29.20.1"
g23057.t1,"4.C.1.1"
g23115.t1,"1.A.12.2.2,1.A.12.3.2"
g23125.t1,"1.A.33"
g23151.t1,"9.A.58.1"
g23152.t1,"9.A.58.1"
g23236.t1,"2.A.100.1"
g23342.t1,"2.A.17.3"
g23359.t1,"2.A.39"
g23365.t1,"1.I.1"
g23454.t1,"2.A.17.3"
g23465.t1,"2.A.49.3.3"
g23475.t1,"3.D.4.6"
g23480.t1,"1.A.8,1.A.8.11"
g23496.t1,"1.A.33.1"
g23517.t1,"2.A.28"
g23518.t1,"2.A.28"
g23542.t1,"1.A.35.5"
g23558.t1,"1.A.1.4"
g23565.t1,"1.I.1"
g23596.t1,"9.B.188"
g23619.t1,"1.I.1"
g23632.t1,"1.I.1"
g23662.t1,"3.A.20.1"
g23681.t1,"1.I.1"
g23706.t1,"1.F.1.1"
g23708.t1,"1.F.1.1"
g23740.t1,"2.A.72"
g23741.t1,"3.A.3.5"
g23779.t1,"2.A.47"
g23849.t1,"2.A.1.1.46"
g23868.t1,"1.A.33.1"
g23871.t1,"1.A.33.1"
g23893.t1,"9.B.37.1,9.B.37.3"
g23906.t1,"9.A.40.3"
g23955.t1,"1.A.35.5"
g23957.t1,"2.A.40.6"
g24112.t1,"9.A.15.1"
g24242.t1,"4.C.1.1"
g24255.t1,"2.A.66.1"
g24256.t1,"2.A.66.1"
g24257.t1,"2.A.66.1"
g24258.t1,"2.A.66.1"
g24259.t1,"2.A.66.1"
g24260.t1,"2.A.66.1"
g24312.t1,"3.D.1.6"
g24314.t1,"3.D.1.6"
g24367.t1,"3.A.2.2"
g24404.t1,"3.D.1.6"
g24492.t1,"2.A.18.1"
g24536.t1,"1.A.8,1.A.8.11"
g24552.t1,"3.A.2.2"
g24553.t1,"3.A.2.2"
g24556.t1,"1.I.1"
g24594.t1,"2.A.108.1"
g24637.t1,"1.A.10.1.10,1.A.10.1.18,1.A.10.1.7"
g24638.t1,"1.A.10.1.10,1.A.10.1.18,1.A.10.1.7"
g24640.t1,"8.A.61"
g24641.t1,"2.A.29.4"
g24796.t1,"2.A.66.1"
g24800.t1,"2.A.66.1"
g24812.t1,"2.A.66.1"
g25201.t1,"3.A.1.201,3.A.1.208"
g25517.t1,"2.A.17.3"
g25732.t1,"3.A.1.208,3.A.1.208.2,3.A.1.208.8"
g26181.t1,"3.A.1.201"
g26348.t1,"1.A.33"
g26423.t1,"1.I.1"
g26602.t1,"3.A.1.201"
g26635.t1,"3.A.1.201"
g26857.t1,"2.A.57.1"
g26884.t1,"3.A.1.201"
g27020.t1,"2.A.17.3"
g27022.t1,"2.A.17.3"
g27190.t1,"2.A.3.2"
g27239.t1,"2.A.30.5"
g27242.t1,"2.A.30.5"
g27244.t1,"2.A.30.5"
g27245.t1,"2.A.30.5"
g27247.t1,"2.A.30.5"
g27267.t1,"3.A.1.201"
g27383.t1,"3.A.2.1"
g27444.t1,"1.A.33"
g27484.t1,"3.A.1.201"
g27634.t1,"3.A.1.208,3.A.1.208.2,3.A.1.208.8"
g27797.t1,"2.A.72"
g27855.t1,"2.A.5.1,2.A.5.3,2.A.5.6"
g27984.t1,"1.I.1"
g27985.t1,"1.I.1"
g27989.t1,"1.I.1"
g28032.t1,"3.A.1.201"
g28040.t1,"3.A.1.201"
g28065.t1,"2.A.66.1"
g28289.t1,"3.A.1.201"
g28293.t1,"2.A.3.3.1,2.A.3.3.2"
g28301.t1,"2.A.3.3.1,2.A.3.3.2"
g28306.t1,"2.A.3.3.1,2.A.3.3.2"
g28343.t1,"3.A.1.201"
g28416.t1,"3.A.1.201"
g28471.t1,"3.A.1.201"
g28486.t1,"2.A.18.8"
g28581.t1,"3.D.4.11,3.D.4.7,3.D.4.8"
g28965.t1,"2.A.3.2"
g29014.t1,"2.A.30.5"
g29017.t1,"2.A.30.5"
g29019.t1,"2.A.30.5"
g29020.t1,"2.A.30.5"
g29022.t1,"2.A.30.5"
g29042.t1,"3.A.1.201"
g29156.t1,"3.A.2.1"
g29217.t1,"1.A.33"
g29257.t1,"3.A.1.201"
g29511.t1,"2.A.66.1"
g29528.t1,"3.A.1.201"
g29588.t1,"2.A.72"
g29641.t1,"2.A.5.1,2.A.5.3,2.A.5.6"
g29645.t1,"2.A.5.1,2.A.5.3,2.A.5.6"
g29715.t1,"3.A.1.201"
g29736.t1,"1.I.1"
g29737.t1,"1.I.1"
g29738.t1,"1.I.1"
g29742.t1,"1.I.1"
g29834.t1,"3.A.1.201"
g29846.t1,"2.A.66.1"
g30025.t1,"3.A.3.3"
g30061.t1,"3.A.1.201"
g30065.t1,"2.A.3.3.1,2.A.3.3.2"
g30073.t1,"2.A.3.3.1,2.A.3.3.2"
g30078.t1,"2.A.3.3.1,2.A.3.3.2"
g30115.t1,"3.A.1.201"
g30188.t1,"3.A.1.201"
g30273.t1,"3.A.1.201"
g30275.t1,"2.A.18.8"
g30341.t1,"3.A.1.201"
g30379.t1,"3.D.4.11,3.D.4.7,3.D.4.8"
g30566.t1,"2.A.1.1.46"
g30576.t1,"3.A.5.9"
g30690.t1,"2.A.7.24.1,2.A.7.24.4,2.A.7.24.6"
g30726.t1,"2.A.66.1"
g30727.t1,"2.A.66.1"
g30743.t1,"1.A.8.12,1.A.8.16"
g30744.t1,"1.A.8.12,1.A.8.16"
g30762.t1,"3.A.1.201"
g30826.t1,"3.A.3.2"
g30894.t1,"3.A.1.201"
g30900.t1,"3.A.1.201"
g30902.t1,"3.A.1.201"
g30979.t1,"2.A.108.1"
g31088.t1,"1.A.77.1"
g31109.t1,"2.A.18.6.4,2.A.18.6.5"
g31258.t1,"1.B.8.1,2.A.69.1"
g31284.t1,"2.A.4.4.3,2.A.4.4.5"
g31344.t1,"2.A.1.8"
g31385.t1,"2.A.49.3.3"
g31445.t1,"3.A.2.2"
g31446.t1,"3.A.2.2"
g31450.t1,"3.A.3.5"
g31475.t1,"2.A.72"
g31587.t1,"2.A.5.1,2.A.5.3,2.A.5.6"
g31588.t1,"2.A.5.1,2.A.5.3,2.A.5.6"
g31590.t1,"2.A.5.1,2.A.5.3,2.A.5.6"
g31591.t1,"2.A.5.1,2.A.5.3,2.A.5.6"
g31592.t1,"2.A.5.1,2.A.5.3,2.A.5.6"
g31599.t1,"2.A.5.1,2.A.5.3,2.A.5.6"
g31667.t1,"2.A.19.4.4"
g31703.t1,"2.A.17.3"
g31734.t1,"3.A.1.201"
g31788.t1,"2.A.3.2"
g31789.t1,"2.A.3.2"
g31790.t1,"2.A.3.2"
g31791.t1,"2.A.30.5"
g31816.t1,"1.A.1.4"
g31819.t1,"9.B.146"
g31843.t1,"1.l.1"
g31875.t1,"3.D.1.6"
g31894.t1,"1.A.1.7"
g31895.t1,"1.A.1.7"
g31904.t1,"2.A.17.3"
g31924.t1,"3.A.1.201"
g31925.t1,"3.A.1.201"
g31965.t1,"9.A.58.1"
g32012.t1,"3.A.1.201"
g32033.t1,"1.A.8.12"
g32034.t1,"1.A.8.12"
g32057.t1,"3.A.5.4,3.A.5.8,3.A.5.9"
g32079.t1,"4.D.3.1.4,4.D.3.1.7"
g32114.t1,"3.D.4.11,3.D.4.7,3.D.4.8"
g32120.t1,"2.A.40.6"
g32243.t1,"1.A.10.1.10,1.A.10.1.18,1.A.10.1.7"
g32331.t1,"3.A.1.201"
g32338.t1,"2.A.29.8"
g32372.t1,"3.A.2.2"
g32530.t1,"2.A.57.1"
g32531.t1,"2.A.57.1"
g32653.t1,"9.A.45.1.2,9.A.45.1.4,9.A.45.1.6"
g32684.t1,"1.A.33"
g32685.t1,"2.A.66.1"
g32686.t1,"2.A.66.1"
g32693.t1,"3.A.2.1"
g32711.t1,"2.A.108.1"
g32768.t1,"1.A.12.2.2,1.A.12.3.2"
g32778.t1,"1.A.12.2.2,1.A.12.3.2"
g32787.t1,"1.A.12.2.2,1.A.12.3.2"
g32804.t1,"3.D.1.6"
g32828.t1,"3.A.1.201"
g32861.t1,"2.A.5.1,2.A.5.3,2.A.5.6"
g32898.t1,"2.A.3.2,2.A.3.3,2.A.3.3.5"
g32920.t1,"1.A.25.3"
g32922.t1,"1.A.25.3"
g32926.t1,"1.A.25.3"
g32930.t1,"1.A.56.1"
g32954.t1,"2.A.1.8"
g32975.t1,"1.A.10.1.10,1.A.10.1.18,1.A.10.1.7"
g32976.t1,"1.A.10.1.10,1.A.10.1.18,1.A.10.1.7"
g32983.t1,"2.A.18.8"
g32984.t1,"2.A.18.8"
g32999.t1,"3.A.19,3.A.21"
g33013.t1,"3.A.1.201"
g33101.t1,"1.A.8,1.A.8.11"
g33179.t1,"3.A.2.2"
g33218.t1,"2.A.29.10.1,2.A.29.10.2,2.A.29.10.3,2.A.29.10.5"
g33265.t1,"2.A.1.1.46"
g33419.t1,"2.A.66.1"
g33421.t1,"2.A.66.1"
g33422.t1,"2.A.66.1"
g33423.t1,"2.A.66.1"
g33424.t1,"2.A.66.1"
g33429.t1,"3.A.2.1"
g33463.t1,"1.A.8.12,1.A.8.16"
g33516.t1,"3.D.4.11,3.D.4.8"
g33534.t1,"9.A.40.3"
g33564.t1,"3.D.1.6"
g33565.t1,"3.D.1.6"
g33579.t1,"1.B.8.1"
g33580.t1,"3.A.3.2"
g33612.t1,"2.A.55.2.1,2.A.55.2.2"
g33628.t1,"3.A.3.6"
g33647.t1,"3.D.1.6"
g33686.t1,"1.I.1"
g33688.t1,"1.I.1"
g33691.t1,"1.I.1"
g33742.t1,"2.A.66.1"
g33771.t1,"3.A.3.2"
g33772.t1,"3.A.3.2"
g33773.t1,"3.A.3.2"
g33792.t1,"2.A.108.1"
g33805.t1,"1.I.1"
g33866.t1,"1.A.77.1"
g33912.t1,"2.A.18.6.4,2.A.18.6.5"
g33942.t1,"2.A.29"
g33991.t1,"1.A.1.5"
g34043.t1,"3.A.3.3"
g34064.t1,"3.A.1.201"
g34089.t1,"2.A.69.1"
g34116.t1,"3.A.1.201,3.A.2.1"
g34117.t1,"3.A.5.1.2"
g34126.t1,"2.A.17.3"
g34131.t1,"3.D.1.6"
g34158.t1,"2.A.72"
g34159.t1,"1.A.1.5"
g34166.t1,"9.A.58.1"
g34193.t1,"2.A.7.9"
g34301.t1,"2.A.49.3.3"
g34347.t1,"2.A.29.4"
g34352.t1,"3.A.3.2"
g34459.t1,"9.B.188.1.2"
g34466.t1,"2.A.64"
g34473.t1,"1.A.35.5"
g34475.t1,"1.A.35.5"
g34477.t1,"1.A.35.5"
g34500.t1,"2.A.1.9"
g34501.t1,"2.A.1.9"
g34502.t1,"2.A.1.9"
g34516.t1,"3.A.8.1"
g34522.t1,"2.A.17.3"
g34537.t1,"1.A.1.7"
g34538.t1,"3.A.1.201"
g34540.t1,"9.A.58.1"
g34549.t1,"2.A.17.3"
g34555.t1,"1.A.8.12"
g34575.t1,"2.A.66.1"
g34580.t1,"2.A.66.1"
g34792.t1,"2.A.7.9"
g34800.t1,"9.A.45.1.2,9.A.45.1.4,9.A.45.1.6"
g34850.t1,"2.A.29.4"
g34860.t1,"2.A.18.8"
g34887.t1,"2.A.66.1"
g34890.t1,"1.A.11"
g35218.t1,"2.A.66.1"
g35219.t1,"3.A.1.201"
g35302.t1,"2.A.1.1.25,2.A.1.1.62,2.A.1.1.63,2.A.1.1.66,2.A.1.8"
g35311.t1,"3.A.1.201"
g35341.t1,"3.A.1.201"
g35363.t1,"3.D.4.11,3.D.4.8"
g35418.t1,"3.A.1.201"
g35450.t1,"1.B.8.1"
g35560.t1,"3.A.1.201"
g35640.t1,"3.A.1.201"
g35656.t1,"3.A.3.8"
g35787.t1,"2.A.66.1"
g35952.t1,"3.D.4.11,3.D.4.7,3.D.4.8"
g35972.t1,"1.A.77.1"
g35973.t1,"1.A.77.1"
g36050.t1,"1.A.11"
g36126.t1,"3.A.1.201"
g36592.t1,"2.A.1.1.25,2.A.1.1.62,2.A.1.1.63,2.A.1.1.66,2.A.1.8"
g36601.t1,"3.A.1.201"
g36631.t1,"3.A.1.201"
g36653.t1,"3.D.4.11,3.D.4.8"
g36708.t1,"3.A.1.201"
g36736.t1,"1.B.8.1"
g36833.t1,"3.A.1.201"
g36913.t1,"3.A.1.201"
g36929.t1,"3.A.3.8"
g37059.t1,"2.A.66.1"
g37206.t1,"3.D.4.11,3.D.4.7,3.D.4.8"
g37226.t1,"1.A.77.1"
g37227.t1,"1.A.77.1"
g37295.t1,"1.A.11"
g37371.t1,"3.A.1.201"
g38294.t1,"1.A.33"
g38577.t1,"1.A.8.12"
g38578.t1,"1.A.8.12"
g39068.t1,"2.A.18.5"
g39118.t1,"2.A.18.5"
g39489.t1,"2.A.66.1"
g39764.t1,"2.A.18.5"
g40061.t1,"1.B.8.1,2.A.69.1"
g40122.t1,"3.A.1.201"
g40299.t1,"1.A.1.23"
g40735.t1,"8.A.61"
g40736.t1,"8.A.61"
g41237.t1,"2.A.66.1"
g41256.t1,"2.A.66.1"
g41438.t1,"2.A.4.4.3,2.A.4.4.5"
g41439.t1,"2.A.4.4.3,2.A.4.4.5"
g41441.t1,"2.A.4.4.3,2.A.4.4.5"
g41453.t1,"3.A.2.1"
g41546.t1,"3.A.1.201"
g41604.t1,"3.A.1.201"
g41641.t1,"3.A.1.201"
g41660.t1,"3.A.1.201"
g41773.t1,"3.A.20.1"
g42086.t1,"1.A.33"
g42096.t1,"1.I.1"
g42237.t1,"2.A.18.5"
g42241.t1,"2.A.18.5"
g42285.t1,"3.A.1.208,3.A.1.208.2,3.A.1.208.8"
g42291.t1,"3.A.1.208,3.A.1.208.2,3.A.1.208.8"
g42424.t1,"1.A.107.1.4"
g42585.t1,"3.A.1.201"
g42704.t1,"2.A.66.1"
g42731.t1,"3.A.1.201"
g42795.t1,"3.A.1.201"
g42826.t1,"3.A.1.201"
g42862.t1,"3.A.1.208,3.A.1.208.2,3.A.1.208.8"
g42947.t1,"1.A.8,1.A.8.11"
g42978.t1,"3.A.1.201"
g43204.t1,"2.A.66.1"
g43290.t1,"3.A.2.1"
g43334.t1,"3.A.5.9"
g43378.t1,"2.A.18.5"
g43398.t1,"3.D.4.11,3.D.4.7,3.D.4.8"
g43420.t1,"3.A.1.201"
g43467.t1,"1.I.1"
g43485.t1,"1.I.1"
g43491.t1,"3.A.1.201"
g43594.t1,"1.A.8.10"
g43605.t1,"1.A.101.1,3.A.20.1.1"
g43610.t1,"2.A.1.4"
g43631.t1,"3.A.1.201"
g43722.t1,"2.A.108.1"
g43825.t1,"3.A.2.1"
g43833.t1,"1.A.47"
g43870.t1,"3.A.1.201"
g43879.t1,"1.A.10.1.10,1.A.10.1.18,1.A.10.1.7"
g43893.t1,"1.A.10.1.10,1.A.10.1.18,1.A.10.1.7"
g43894.t1,"2.A.17.3"
g43895.t1,"2.A.17.3"
g44164.t1,"3.A.1.201"
g44170.t1,"3.A.1.201"
g44197.t1,"2.A.66.1"
g44207.t1,"3.A.1.201"
g44310.t1,"2.A.66.1"
g44324.t1,"5.B.2.1"
g44424.t1,"2.A.64"
g44434.t1,"2.A.66.1"
g44435.t1,"2.A.66.1"
g44437.t1,"2.A.66.1"
g44438.t1,"2.A.66.1"
g44444.t1,"2.A.66.1"
g44447.t1,"2.A.66.1"
g44448.t1,"2.A.66.1"
g44449.t1,"2.A.66.1"
g44608.t1,"1.I.1"
g44660.t1,"1.A.1.5"
g44693.t1,"1.A.1.4"
g44699.t1,"1.A.1.4"
g44703.t1,"9.A.58.1"
g44704.t1,"2.A.72"
g44708.t1,"2.A.29.4"
g44711.t1,"2.A.29.4"
g44715.t1,"3.A.2.2"
g44716.t1,"3.A.2.2"
g44718.t1,"3.A.2.2"
g44763.t1,"3.A.8.1"
g44765.t1,"9.A.58.1"
g44776.t1,"9.A.58.1"
g44777.t1,"9.A.58.1"
g44778.t1,"9.A.58.1"
g44779.t1,"9.A.58.1"
g44781.t1,"9.A.58.1"
g44782.t1,"9.A.58.1"
g44783.t1,"9.A.58.1"
g44856.t1,"4.D.3.1.9"
g44859.t1,"3.D.1.6"
g44886.t1,"3.D.1.6"
g44888.t1,"1.I.1,3.D.1.6"
g45039.t1,"1.A.33"
g45040.t1,"1.I.1"
g45052.t1,"2.A.29"
g45105.t1,"3.A.2.1"
g45116.t1,"1.A.1.5"
g45128.t1,"9.A.58.1"
g45138.t1,"2.A.29"
g45157.t1,"3.A.1.208.2"
g45161.t1,"3.A.1.208.2"
g45185.t1,"3.A.1.201"
g45229.t1,"3.A.1.201"
g45233.t1,"3.A.5.8,3.A.5.9"
g45237.t1,"9.A.40.3"
g45266.t1,"2.A.66.1"
g45267.t1,"2.A.66.1"
g45268.t1,"2.A.66.1"
g45271.t1,"2.A.66.1"
g45276.t1,"2.A.66.1"
g45277.t1,"2.A.66.1"
g45281.t1,"2.A.66.1"
g45282.t1,"2.A.66.1"
g45294.t1,"2.A.64"
g45373.t1,"3.A.1.201"
g45404.t1,"5.B.2.1"
g45423.t1,"2.A.66.1"
g45532.t1,"3.A.1.201"
g45544.t1,"2.A.66.1"
g45569.t1,"3.A.1.201"
g45575.t1,"3.A.1.201"
g45831.t1,"2.A.17.3"
g45832.t1,"2.A.17.3"
g45833.t1,"1.A.10.1.10,1.A.10.1.18,1.A.10.1.7"
g46022.t1,"1.A.33"
g46023.t1,"1.I.1"
g46094.t1,"1.A.1.5"
g46107.t1,"9.A.58.1"
g46116.t1,"2.A.29"
g46132.t1,"3.A.1.208.2"
g46135.t1,"3.A.1.208.2"
g46170.t1,"3.D.1.6"
g46210.t1,"3.A.5.8,3.A.5.9"
g46213.t1,"9.A.40.3"
g46328.t1,"1.A.8.10"
g46335.t1,"3.A.1.204"
g46356.t1,"3.A.5.7,3.A.5.8,3.A.5.9"
g46368.t1,"2.A.7.13,2.A.7.15,2.A.7.16"
g46421.t1,"2.A.1.40"
g46492.t1,"3.A.1.201"
g46494.t1,"3.A.1.201"
g46515.t1,"2.A.1.1.46"
g46571.t1,"2.A.66.1"
g46573.t1,"2.A.66.1"
g46574.t1,"2.A.66.1"
g46592.t1,"3.A.5.8"
g46600.t1,"3.A.1.201"
g46621.t1,"3.A.16.1"
g46664.t1,"2.A.7.9"
g46710.t1,"1.B.8.1"
g46714.t1,"2.A.17.3"
g46735.t1,"3.A.3.3"
g46737.t1,"2.A.17.3"
g46739.t1,"2.A.17.3"
g46742.t1,"2.A.17.3"
g46815.t1,"2.A.40.6"
g46825.t1,"1.A.1.5"
g46838.t1,"9.A.58.1"
g46862.t1,"3.A.20.1"
g46937.t1,"3.A.1.201"
g46938.t1,"3.A.1.201"
g46957.t1,"3.A.2.1"
g47071.t1,"1.A.12.2.2,1.A.12.3.2"
g47072.t1,"1.A.12.2.2,1.A.12.3.2"
g47159.t1,"2.A.1.1.46"
g47165.t1,"3.A.5.1,3.A.5.2,3.A.5.7,3.A.5.8,3.A.5.9"
g47166.t1,"3.A.5.1,3.A.5.2,3.A.5.7,3.A.5.8,3.A.5.9"
g47170.t1,"1.A.1.4,1.A.1.5"
g47175.t1,"2.A.55.2.1,2.A.55.2.2,2.A.55.2.6,2.A.55.3"
g47177.t1,"2.A.55.2.1,2.A.55.2.2,2.A.55.2.6,2.A.55.3"
g47184.t1,"3.A.5.4,3.A.5.8,3.A.5.9"
g47193.t1,"1.A.8.12"
g47203.t1,"1.I.1"
g47205.t1,"3.A.3.3"
g47227.t1,"2.A.18.6,2.A.18.6.2,2.A.18.6.3,2.A.18.6.8"
g47246.t1,"3.A.1.208"
g47256.t1,"1.A.33.1"
g47306.t1,"2.A.29.23"
g47367.t1,"3.D.4.8"
g47383.t1,"2.A.69.1"
g47412.t1,"2.A.66.1"
g47415.t1,"3.A.20.1,9.A.17.1"
g47530.t1,"2.A.12"
g47542.t1,"2.A.29.8"
g47566.t1,"2.A.53.1"
g47599.t1,"3.A.20.1"
g47602.t1,"2.A.17.3"
g47604.t1,"2.A.17.3"
g47606.t1,"2.A.17.3"
g47608.t1,"2.A.17.3"
g47638.t1,"1.I.1"
g47640.t1,"1.I.1"
g47698.t1,"1.A.17.1"
g47700.t1,"1.A.17.1"
g47715.t1,"9.A.49.1"
g47760.t1,"3.A.3.8"
g47772.t1,"3.A.8.1"
g47779.t1,"2.A.29"
g47791.t1,"3.A.1.201"
g47866.t1,"2.A.19"
g47873.t1,"1.A.10.1.10,1.A.10.1.18,1.A.10.1.7"
g47874.t1,"1.A.10.1.10,1.A.10.1.18,1.A.10.1.7"
g47876.t1,"3.A.2.1"
g47879.t1,"3.A.3.2"
g47880.t1,"3.A.3.2"
g47881.t1,"2.A.4.6"
g47898.t1,"2.A.29.23"
g47913.t1,"2.A.66.1"
g47944.t1,"2.A.17.3"
g48014.t1,"3.A.1.201"
g48027.t1,"9.B.188,9.B.188.1.2"
g48037.t1,"2.A.29.20.1"
g48056.t1,"2.A.17.3"
g48091.t1,"3.A.3.8"
g48219.t1,"1.I.1"
g48223.t1,"1.A.25.3"
g48237.t1,"3.A.3.5"
g48240.t1,"3.A.3.5"
g48265.t1,"2.A.66.1"
g48268.t1,"2.A.66.1"
g48269.t1,"3.A.2.1"
g48297.t1,"2.A.69.1"
g48349.t1,"3.A.1.201"
g48380.t1,"3.A.1.201"
g48440.t1,"3.A.1.201"
g48505.t1,"3.A.1.201"
g48514.t1,"3.A.1.201"
g48612.t1,"3.A.1.201"
g48613.t1,"3.A.1.201"
g48622.t1,"1.A.31.1.2,1.A.31.1.5"
g48661.t1,"2.A.5.4.3,2.A.5.4.4,2.A.5.4.7"
g48673.t1,"2.A.72"
g48676.t1,"2.A.72"
g48682.t1,"2.A.72"
g48689.t1,"3.D.1.6"
g48721.t1,"9.A.15.1"
g48750.t1,"3.A.8.1"
g48962.t1,"3.A.1.201"
g49003.t1,"2.A.66.1"
g49031.t1,"1.A.12.2.2,1.A.12.3.2"
g49230.t1,"3.A.1.204"
g49231.t1,"3.A.1.204"
g49244.t1,"3.A.1.201"
g49251.t1,"3.A.1.201"
g49257.t1,"3.A.1.201"
g49258.t1,"3.A.1.201"
g49264.t1,"3.A.1.201"
g49266.t1,"3.A.1.201"
g49271.t1,"3.A.1.201"
g49274.t1,"2.A.66.1"
g49277.t1,"3.A.1.201"
g49279.t1,"3.A.1.201"
g49312.t1,"1.A.33.1"
g49422.t1,"3.A.1.201"
g49467.t1,"3.A.1.201"
g49591.t1,"3.A.1.201"
g49592.t1,"3.A.1.201"
g49663.t1,"1.A.1.7"
g49709.t1,"2.A.1.1.46"
g49715.t1,"3.A.1.201"
g49795.t1,"3.A.2.1"
g49834.t1,"3.A.1.208,3.A.1.208.2,3.A.1.208.8"
g49839.t1,"2.A.1.1.46"
g49845.t1,"3.A.1.201"
g49935.t1,"3.D.1.6"
g49937.t1,"3.D.1.6"
g49940.t1,"3.D.1.6"
g50035.t1,"3.A.1.211"
g50100.t1,"1.I.1"
g50102.t1,"3.A.3.2"
g50147.t1,"3.A.1.201"
g50154.t1,"2.A.29.8"
g50253.t1,"2.A.3.2"
g50431.t1,"1.I.1"
g50435.t1,"2.A.72"
g50736.t1,"3.A.1.201"
g50782.t1,"3.A.1.201"
g50844.t1,"1.A.10.1.10,1.A.10.1.18,1.A.10.1.7"
g51023.t1,"1.I.1"
g51025.t1,"3.A.3.2"
g51071.t1,"3.A.1.201"
g51078.t1,"2.A.29.8"
g51395.t1,"1.A.33"
g51435.t1,"3.A.1.201"
g51520.t1,"2.A.66.1"
g51655.t1,"3.A.1.201"
g51781.t1,"2.A.72"
g51820.t1,"2.A.72"
g52197.t1,"3.A.1.208,3.A.1.208.2,3.A.1.208.8"
g52205.t1,"3.A.1.208,3.A.1.208.2,3.A.1.208.8"
g52233.t1,"3.A.1.201"
g52289.t1,"3.A.1.201"
g52380.t1,"3.A.1.201"
g52831.t1,"1.A.23.4"
g52918.t1,"3.A.1.208,3.A.1.208.2,3.A.1.208.8"
g53755.t1,"2.A.66.1"
g55778.t1,"3.A.1.208,3.A.1.208.2,3.A.1.208.8"
g56119.t1,"1.A.33"
g56726.t1,"2.A.66.1"
g57237.t1,"3.A.1.201"
g57420.t1,"3.A.1.201"
g57891.t1,"3.A.1.201"
g57945.t1,"2.A.66.1"
g58264.t1,"3.A.2.1"
g58665.t1,"1.A.33"
g58704.t1,"3.A.1.208,3.A.1.208.2,3.A.1.208.8"
g58826.t1,"3.A.2.1"
g58893.t1,"3.D.4.11,3.D.4.7,3.D.4.8"
g58899.t1,"3.D.4.11,3.D.4.7,3.D.4.8"
g58906.t1,"3.D.1.6"
g58908.t1,"3.D.1.6"
g58910.t1,"3.A.2.1"
g58920.t1,"3.D.1.6"
g58923.t1,"3.D.1.6"
g58924.t1,"3.D.1.6"
g58972.t1,"3.D.1.6"
g59060.t1,"2.A.66.1"
g59111.t1,"3.A.1.208,3.A.1.208.2,3.A.1.208.8"
g59629.t1,"2.A.1.4"
g59742.t1,"3.A.1.208,3.A.1.208.2,3.A.1.208.8"
g59750.t1,"3.A.1.201"
g61075.t1,"3.A.1.208,3.A.1.208.2,3.A.1.208.8"
g61368.t1,"3.A.19.1,3.A.21.1,3.A.4.1"
g61658.t1,"3.A.19.1,3.A.21.1,3.A.4.1"
g62091.t1,"3.A.2.2"
g62260.t1,"3.A.2.2"
g62717.t1,"2.A.29.18,2.A.29.23"
g62720.t1,"2.A.29.18,2.A.29.23"
g62721.t1,"2.A.29.18,2.A.29.23"
g62722.t1,"2.A.29.18,2.A.29.23"
g62829.t1,"3.A.1.201"
g62855.t1,"3.A.20.1,9.A.17.1"
g62856.t1,"3.A.20.1,9.A.17.1"
g62885.t1,"1.A.11"
g63023.t1,"3.A.1.201"
g63110.t1,"3.A.1.201"
g63263.t1,"1.A.1.4"
g63294.t1,"2.A.66.1"
g63333.t1,"3.A.1.208"
g63390.t1,"2.A.69.1"
g63405.t1,"2.A.36.1.12,2.A.36.1.9"
g63407.t1,"2.A.36.1.12,2.A.36.1.9"
g63410.t1,"2.A.36.1.12,2.A.36.1.9"
g63413.t1,"1.A.25.3"
g63414.t1,"1.A.25.3"
g63467.t1,"3.A.1.201"
g63477.t1,"3.A.1.208"
g63487.t1,"3.A.1.208,3.A.1.208.2,3.A.1.208.8"
g63582.t1,"2.A.29.12.1,2.A.29.23"
g63612.t1,"1.A.31.1.5"
g63620.t1,"3.A.1.203.1"
g63789.t1,"2.A.53.1"
g63860.t1,"2.A.64"
g64043.t1,"3.A.2.2"
g64084.t1,"3.A.1.201"
g64215.t1,"2.A.29.18"
g64216.t1,"2.A.29.18"
g64278.t1,"1.A.1.4"
g64315.t1,"1.A.1.4"
g64417.t1,"2.A.69.1"
g64432.t1,"2.A.36.1.12,2.A.36.1.9"
g64434.t1,"2.A.36.1.12,2.A.36.1.9"
g64437.t1,"2.A.36.1.12,2.A.36.1.9"
g64440.t1,"1.A.25.3"
g64441.t1,"1.A.25.3"
g64494.t1,"3.A.1.201"
g64504.t1,"3.A.1.208"
g64514.t1,"3.A.1.208,3.A.1.208.2,3.A.1.208.8"
g64603.t1,"2.A.29.12.1,2.A.29.23"
g64633.t1,"1.A.31.1.5"
g64641.t1,"3.A.1.203.1"
g64809.t1,"2.A.53.1"
g64814.t1,"2.A.53.1"
g64825.t1,"3.A.1.201"
g64829.t1,"1.A.1.4"
g64897.t1,"1.I.1"
g64923.t1,"3.A.1.201"
g64970.t1,"3.A.1.201"
g65128.t1,"2.A.66.1"
g65256.t1,"2.A.29.18"
g65257.t1,"2.A.29.18"
g65273.t1,"3.A.2.2"
g65291.t1,"2.A.29.12.1,2.A.29.23"
g65383.t1,"3.A.1.201"
g65432.t1,"3.A.20.1"
g65435.t1,"3.A.20.1"
g65464.t1,"2.A.53.1"
g65475.t1,"3.A.1.201"
g65555.t1,"3.A.2.2"
g65651.t1,"9.B.188.1.2"
g65719.t1,"9.A.58.1"
g65722.t1,"3.A.1.201"
g65723.t1,"9.A.58.1"
g65724.t1,"9.A.58.1"
g65784.t1,"1.A.33.1"
g65819.t1,"2.A.29.18,2.A.29.5"
g65868.t1,"3.A.1.201"
g65937.t1,"3.A.1.201"
g66015.t1,"4.D.3.1.4,4.D.3.1.7"
g66155.t1,"2.A.66.1"
g66273.t1,"3.A.1.201"
g66286.t1,"2.A.53.1"
g66287.t1,"2.A.53.1"
g66288.t1,"2.A.53.1"
g66289.t1,"2.A.53.1"
g66290.t1,"2.A.53.1"
g66294.t1,"4.D.3.1.4,4.D.3.1.7"
g66340.t1,"1.A.31.1.5"
g66385.t1,"2.A.29.12.1,2.A.29.23"
g66386.t1,"2.A.29.12.1,2.A.29.23"
g66427.t1,"9.B.188.1.2"
g66493.t1,"3.D.4.11,3.D.4.8"
g66495.t1,"3.D.4.11,3.D.4.8"
g66528.t1,"2.A.66.1"
g66537.t1,"2.A.66.1"
g66538.t1,"2.A.66.1"
g66542.t1,"2.A.66.1"
g66544.t1,"2.A.66.1"
g66609.t1,"1.A.23.4"
g66701.t1,"2.A.66.1"
g66702.t1,"2.A.2.4,2.A.2.6"
g66719.t1,"2.A.18.8"
g66769.t1,"3.D.1.6"
g66782.t1,"2.A.18.6.4,2.A.18.6.5"
g66819.t1,"2.A.40.6"
g66833.t1,"3.A.3.2"
g66878.t1,"1.B.33"
g66879.t1,"2.A.55.2.1,2.A.55.2.2"
g66880.t1,"2.A.55.2.1,2.A.55.2.2"
g66896.t1,"2.A.1.1.46"
g66983.t1,"3.A.20.1"
g66985.t1,"3.A.20.1"
g67011.t1,"9.B.188.1.2"
g67046.t1,"2.A.53.1"
g67060.t1,"3.A.1.201"
g67267.t1,"9.A.58.1"
g67268.t1,"9.A.58.1"
g67269.t1,"9.A.58.1"
g67270.t1,"9.A.58.1"
g67304.t1,"3.A.1.201"
g67398.t1,"2.A.29.18,2.A.29.5"
g67508.t1,"3.A.1.201"
g67610.t1,"4.D.3.1.4,4.D.3.1.7"
g67617.t1,"3.A.1.201"
g67623.t1,"1.A.33"
g67909.t1,"3.A.1.201"
g67923.t1,"2.A.53.1"
g67924.t1,"2.A.53.1"
g67925.t1,"2.A.53.1"
g67926.t1,"2.A.53.1"
g67927.t1,"2.A.53.1"
g67930.t1,"4.D.3.1.4,4.D.3.1.7"
g67982.t1,"1.A.31.1.5"
g68043.t1,"2.A.29.12.1,2.A.29.23"
g68044.t1,"2.A.29.12.1,2.A.29.23"
g68084.t1,"9.B.188.1.2"
g68150.t1,"3.D.4.11,3.D.4.8"
g68159.t1,"3.D.4.11,3.D.4.8"
g68192.t1,"2.A.66.1"
g68203.t1,"2.A.66.1"
g68205.t1,"2.A.66.1"
g68208.t1,"2.A.66.1"
g68210.t1,"2.A.66.1"
g68261.t1,"1.A.23.4"
g68356.t1,"2.A.66.1"
g68357.t1,"2.A.2.4,2.A.2.6"
g68376.t1,"2.A.18.8"
g68445.t1,"2.A.18.6.4,2.A.18.6.5"
g68485.t1,"2.A.40.6"
g68504.t1,"3.A.3.2"
g68547.t1,"1.B.33"
g68548.t1,"2.A.55.2.1,2.A.55.2.2"
g68549.t1,"2.A.55.2.1,2.A.55.2.2"
g68629.t1,"1.A.31.1.2,1.A.31.1.5"
g68633.t1,"1.A.10.1.10,1.A.10.1.18,1.A.10.1.7"
g68635.t1,"1.A.10.1.10,1.A.10.1.18,1.A.10.1.7"
g68693.t1,"1.B.33"
g68713.t1,"2.A.40.6"
g68714.t1,"1.I.1"
g68720.t1,"1.I.1"
g68721.t1,"1.I.1"
g68722.t1,"1.I.1"
g68723.t1,"1.I.1"
g68726.t1,"1.I.1"
g68727.t1,"2.A.17.3"
g68728.t1,"2.A.17.3"
g68731.t1,"1.I.1"
g68836.t1,"9.A.40.3"
g68842.t1,"9.A.40.3"
g68843.t1,"9.A.40.3"
g68855.t1,"2.A.1.1.46"
g68926.t1,"3.A.2.2"
g69038.t1,"1.A.23.4"
g69090.t1,"2.A.6.6"
g69106.t1,"1.A.10.1.10,1.A.10.1.18,1.A.10.1.7"
g69117.t1,"2.A.1.9"
g69191.t1,"9.B.188,9.B.188.1.2"
g69264.t1,"1.A.35.5"
g69267.t1,"3.A.16.1"
g69418.t1,"1.I.1"
g69426.t1,"3.A.3.8"
g69444.t1,"5.B.2.1"
g69466.t1,"2.A.1.14"
g69553.t1,"2.A.17.3"
g69591.t1,"2.A.66.1"
g69617.t1,"2.A.29.10.1,2.A.29.10.2,2.A.29.10.3,2.A.29.10.5"
g69675.t1,"2.A.64"
g69677.t1,"2.A.66.1"
g69678.t1,"2.A.66.1"
g69683.t1,"3.A.2.1"
g69706.t1,"3.A.1.204"
g69746.t1,"2.A.69.1"
g69754.t1,"2.A.53.1"
g69794.t1,"2.A.29"
g69969.t1,"2.A.2.4,2.A.2.6"
g69977.t1,"2.A.7.11.1,2.A.7.11.4"
g69978.t1,"2.A.7.11.1,2.A.7.11.4"
g70001.t1,"2.A.17.3"
g70089.t1,"2.A.29.10.1,2.A.29.10.2,2.A.29.10.3,2.A.29.10.5"
g70145.t1,"2.A.64"
g70147.t1,"2.A.66.1"
g70148.t1,"2.A.66.1"
g70153.t1,"3.A.2.1"
g70173.t1,"3.A.1.204"
g70216.t1,"2.A.69.1"
g70230.t1,"2.A.53.1"
g70269.t1,"2.A.29"
g70361.t1,"3.A.1.201"
g70416.t1,"3.A.1.201"
g70418.t1,"3.A.1.201"
g70452.t1,"2.A.2.4,2.A.2.6"
g70461.t1,"2.A.7.11.1,2.A.7.11.4"
g70462.t1,"2.A.7.11.1,2.A.7.11.4"
g70496.t1,"2.A.17.3"
g70497.t1,"2.A.17.3"
g70508.t1,"2.A.17.3,2.A.17.4.1,2.A.17.4.2"
g70520.t1,"3.A.1.201"
g70527.t1,"1.A.12.2.2,1.A.12.3.2"
g70528.t1,"1.A.12.2.2,1.A.12.3.2"
g70529.t1,"1.A.12.2.2,1.A.12.3.2"
g70530.t1,"1.A.12.2.2,1.A.12.3.2"
g70544.t1,"3.A.3.8"
g70545.t1,"3.A.3.8"
g70617.t1,"3.A.1.201"
g70683.t1,"2.A.40.6"
g70685.t1,"2.A.17.3"
g70687.t1,"2.A.17.3"
g70691.t1,"2.A.17.3"
g70696.t1,"2.A.17.3"
g70700.t1,"2.A.17.3"
g70701.t1,"2.A.17.3"
g70702.t1,"2.A.17.3"
g70704.t1,"2.A.17.3"
g70705.t1,"2.A.17.3"
g70710.t1,"2.A.17.3"
g70713.t1,"2.A.17.3"
g70714.t1,"2.A.17.3"
g70715.t1,"2.A.17.3"
g70719.t1,"3.A.1.201"
g70736.t1,"2.A.72"
g70737.t1,"2.A.72"
g70772.t1,"3.A.1.201"
g70878.t1,"3.A.1.201"
g70880.t1,"2.A.1.1.46"
g70903.t1,"3.A.1.201"
g70905.t1,"3.A.1.201"
g70952.t1,"3.A.1.208,3.A.1.208.2,3.A.1.208.8"
g71096.t1,"2.A.1.8"
g71153.t1,"2.A.66.1"
g71158.t1,"2.A.66.1"
g71161.t1,"3.A.1.201"
g71169.t1,"2.A.66.1"
g71179.t1,"2.A.20.2"
g71196.t1,"3.A.2.1"
g71235.t1,"1.I.1"
g71267.t1,"3.A.1.201"
g71300.t1,"2.A.9"
g71380.t1,"3.A.1.208,3.A.1.208.2,3.A.1.208.8"
g71383.t1,"3.A.1.208,3.A.1.208.2,3.A.1.208.8"
g71400.t1,"3.A.1.208,3.A.1.208.2,3.A.1.208.8"
g71439.t1,"3.A.1.208,3.A.1.208.2,3.A.1.208.8"
g71592.t1,"3.A.1.201"
g71599.t1,"3.A.1.201"
g71629.t1,"3.A.1.201"
g71630.t1,"2.A.66.1"
g71686.t1,"3.A.1.201"
g71687.t1,"3.A.1.201"
g71691.t1,"3.A.1.201"
g71695.t1,"3.A.1.201"
g71714.t1,"3.D.1.6"
g71878.t1,"3.A.1.201"
g71894.t1,"3.A.1.201"
g71901.t1,"2.A.66.1"
g71910.t1,"3.A.1.201"
g71920.t1,"3.A.1.201"
g72158.t1,"3.A.1.201"
g72249.t1,"3.A.1.201"
g72302.t1,"9.A.58.1"
g72376.t1,"3.A.1.208,3.A.1.208.2,3.A.1.208.8"
g72599.t1,"2.A.28"
g72961.t1,"1.A.33"
g73286.t1,"3.D.1.6"
g73514.t1,"3.A.1.208,3.A.1.208.2,3.A.1.208.8"
g73526.t1,"1.A.75.1"
g74234.t1,"3.A.2.1"
g74235.t1,"3.A.2.1"
g74238.t1,"3.A.2.1"
g74534.t1,"3.A.1.208"
g74660.t1,"3.A.1.201"
g74667.t1,"3.A.1.201"
g74697.t1,"3.A.1.201"
g74698.t1,"2.A.66.1"
g74756.t1,"3.A.1.201"
g74757.t1,"3.A.1.201"
g74761.t1,"3.A.1.201"
g74765.t1,"3.A.1.201"
g74785.t1,"3.D.1.6"
g74952.t1,"3.A.1.201"
g74968.t1,"3.A.1.201"
g74975.t1,"2.A.66.1"
g74984.t1,"3.A.1.201"
g74994.t1,"3.A.1.201"
g75303.t1,"3.A.1.201"
g75356.t1,"9.A.58.1"
g75629.t1,"3.A.1.201"
g75653.t1,"2.A.28"
g76012.t1,"1.A.33"
g76337.t1,"3.D.1.6"
g76564.t1,"3.A.1.208,3.A.1.208.2,3.A.1.208.8"
g76576.t1,"1.A.75.1"
g77282.t1,"3.A.2.1"
g77283.t1,"3.A.2.1"
g77286.t1,"3.A.2.1"
g77592.t1,"3.A.1.208"
g77795.t1,"2.A.17.3"
g77838.t1,"3.D.1.6"
g77984.t1,"2.A.66.1"
g78538.t1,"1.I.1"
g78713.t1,"1.A.33.1"
g78866.t1,"1.A.10.1.10,1.A.10.1.18,1.A.10.1.7"
g79070.t1,"3.D.4.11,3.D.4.7,3.D.4.8"
g80008.t1,"3.A.1.201"
g80010.t1,"3.D.1.6"
g80016.t1,"3.A.1.201"
g80018.t1,"3.A.1.201"
g80019.t1,"3.D.1.6"
g80021.t1,"3.A.1.201"
g80193.t1,"2.A.17.3"
g80366.t1,"3.A.1.201"
g80651.t1,"3.A.1.201"
g81517.t1,"2.A.17.3"
g81560.t1,"3.D.1.6"
g81707.t1,"2.A.66.1"
g82265.t1,"1.I.1"
g82438.t1,"1.A.33.1"
g82592.t1,"1.A.10.1.10,1.A.10.1.18,1.A.10.1.7"
g82796.t1,"3.D.4.11,3.D.4.7,3.D.4.8"
g83737.t1,"3.A.1.201"
g83739.t1,"3.D.1.6"
g83745.t1,"3.A.1.201"
g83747.t1,"3.A.1.201"
g83748.t1,"3.D.1.6"
g83753.t1,"3.A.1.201"
g83755.t1,"3.A.1.201"
g83756.t1,"3.D.1.6"
g83926.t1,"2.A.17.3"
g84118.t1,"3.A.1.201"
g84326.t1,"3.A.1.201"
g84870.t1,"3.A.1.201"
g85008.t1,"3.A.1.201"
g85092.t1,"3.A.2.1"
g85401.t1,"1.A.33.1"
g85435.t1,"3.A.1.208,3.A.1.208.2,3.A.1.208.8"
g85531.t1,"1.A.10.1.10,1.A.10.1.18,1.A.10.1.7"
g85540.t1,"2.A.7.9"
g85565.t1,"3.D.1.6"
g85667.t1,"3.A.8.1"
g85710.t1,"3.A.1.201"
g85778.t1,"1.A.46.2"
g85781.t1,"3.A.2.1"
g85857.t1,"2.A.66.1"
g85897.t1,"1.A.1.5"
g85899.t1,"1.A.1.5"
g85901.t1,"1.A.1.5"
g85902.t1,"1.A.1.5"
g85903.t1,"1.A.1.5"
g85927.t1,"3.A.1.201"
g85989.t1,"3.A.2.1"
g85990.t1,"3.A.19.1,3.A.21.1,3.A.4.1"
g86087.t1,"3.A.5.4,3.A.5.8,3.A.5.9"
g86123.t1,"8.A.61"
g86143.t1,"3.D.1.6"
g86165.t1,"1.A.1.4"
g86173.t1,"2.A.1.4"
g86197.t1,"2.A.29.2.1,2.A.29.2.9"
g86246.t1,"2.A.29.12.1,2.A.29.23"
g86249.t1,"2.A.7.12"
g86251.t1,"2.A.7.12"
g86291.t1,"2.A.66.3"
g86336.t1,"1.A.31.1.5"
g86354.t1,"3.A.2.1"
g86373.t1,"2.A.18.6"
g86402.t1,"3.D.1.6"
g86408.t1,"3.A.2.1"
g86412.t1,"3.D.1.6"
g86424.t1,"2.A.29.20.1"
g86442.t1,"2.A.7.24.7"
g86472.t1,"2.A.1.1.46"
g86505.t1,"2.A.5.1,2.A.5.3,2.A.5.6"
g86536.t1,"4.D.3.1.9"
g86575.t1,"2.A.1.19.2,2.A.1.19.3,2.A.1.19.6"
g86592.t1,"2.A.18.5"
g86603.t1,"2.A.18.5"
g86609.t1,"2.A.18.5"
g86628.t1,"3.A.1.201"
g86638.t1,"2.A.18.5"
g86766.t1,"2.A.53.1"
g86768.t1,"1.A.12.2.1"
g86783.t1,"3.A.1.204"
g86790.t1,"3.A.20.1"
g86792.t1,"3.A.20.1"
g86812.t1,"1.I.1"
g86861.t1,"4.D.3.1.10"
g86899.t1,"9.B.37.2"
g86932.t1,"1.A.8,1.A.8.11"
g86935.t1,"3.A.2.2"
g86960.t1,"3.D.1.6"
g86989.t1,"3.A.1.204"
g87126.t1,"1.A.1.7"
g87127.t1,"3.A.1.201"
g87128.t1,"3.A.1.201"
g87144.t1,"2.A.19.3,2.A.19.6"
g87151.t1,"1.A.12.2.2,1.A.12.3.2"
g87152.t1,"1.A.12.2.2,1.A.12.3.2"
g87170.t1,"1.I.1"
g87178.t1,"2.A.36.1.12,2.A.36.1.3,2.A.36.1.9"
g87264.t1,"3.A.20.1"
g87325.t1,"3.D.4.11,3.D.4.7,3.D.4.8"
g87339.t1,"3.D.1.6"
g87358.t1,"3.A.1.201"
g87409.t1,"3.A.8.1"
g87477.t1,"3.A.8.1"
g87478.t1,"3.A.20.1"
g87480.t1,"2.A.66.1"
g87506.t1,"3.A.20.1"
g87511.t1,"3.A.20.1"
g87592.t1,"2.A.19"
g87621.t1,"3.A.1.201"
g87676.t1,"3.A.1.201"
g87715.t1,"3.A.8.1"
g87716.t1,"1.A.56.1"
g87717.t1,"1.A.56.1"
g87719.t1,"1.A.56.1"
g87775.t1,"2.A.66.1"
g87781.t1,"2.A.5.1,2.A.5.3,2.A.5.6"
g87923.t1,"1.A.33.1"
g88024.t1,"2.A.7.11.2,2.A.7.11.3"
g88194.t1,"1.A.25.3"
g88197.t1,"1.A.25.3"
g88261.t1,"2.A.66.1"
g88296.t1,"3.A.1.201"
g88444.t1,"3.A.1.201"
g88487.t1,"2.A.17.3"
g88522.t1,"3.A.2.1"
g88684.t1,"2.A.66.1"
g88768.t1,"3.A.5.4,3.A.5.8,3.A.5.9"
g88828.t1,"3.D.1.6"
g88882.t1,"3.A.5.4,3.A.5.8,3.A.5.9"
g89013.t1,"1.A.8,1.A.8.11"
g89016.t1,"3.A.1.201"
g89088.t1,"3.A.1.208,3.A.1.208.2,3.A.1.208.8"
g89170.t1,"1.A.1.5"
g89230.t1,"2.A.1.8"
g89269.t1,"2.A.1.8"
g90675.t1,"2.A.29.23"
g91480.t1,"2.A.29.23"
g91622.t1,"1.A.12.2.2,1.A.12.3.2"
g91775.t1,"3.D.1.6"
g91812.t1,"3.A.1.204"
g91817.t1,"3.A.2.1"
g91919.t1,"1.A.23.4"
g91940.t1,"3.D.4.11,3.D.4.7,3.D.4.8"
g92002.t1,"3.A.1.208,3.A.1.208.2,3.A.1.208.8"
g92007.t1,"1.A.33"
g92815.t1,"3.A.1.201"
g92891.t1,"3.A.2.1"
g93488.t1,"3.A.1.201"
g93824.t1,"3.D.1.6"
g94393.t1,"3.A.1.201"
g94643.t1,"3.A.2.1"
g94710.t1,"3.A.1.201"
g95333.t1,"9.A.49.1"
g95352.t1,"3.A.1.201"
g95358.t1,"3.A.2.1"
g95389.t1,"3.A.1.201"
g95392.t1,"2.A.18.6"
g95396.t1,"2.A.18.6"
g95477.t1,"2.A.17.3"
g95544.t1,"2.A.1.40"
g95576.t1,"2.A.12"
g95577.t1,"2.A.12"
g95578.t1,"2.A.12"
g95581.t1,"2.A.72"
g96044.t1,"9.A.49.1"
g96100.t1,"2.A.18.6"
g96101.t1,"2.A.18.6"
g96173.t1,"2.A.17.3"
g96221.t1,"2.A.1.40"
g96239.t1,"2.A.12"
g96240.t1,"2.A.12"
g96245.t1,"2.A.72"
g96329.t1,"3.D.4.11,3.D.4.7,3.D.4.8"
g96334.t1,"3.D.1.6"
g96338.t1,"3.D.4.11,3.D.4.7,3.D.4.8"
g96813.t1,"3.A.2.1"
g96817.t1,"3.D.4.11,3.D.4.7,3.D.4.8"
g96836.t1,"1.A.33"
g96870.t1,"3.D.4.11,3.D.4.7,3.D.4.8"
g96875.t1,"3.D.1.6"
g96879.t1,"3.D.4.11,3.D.4.7,3.D.4.8"
g97352.t1,"3.A.2.1"
g97356.t1,"3.A.1.201"
g97358.t1,"3.D.4.11,3.D.4.7,3.D.4.8"
g97440.t1,"2.A.1.4"
g97631.t1,"2.A.66.1"
g97687.t1,"2.A.1.1.46"
g97758.t1,"2.A.66.1"
g97798.t1,"3.D.1.6"
g97808.t1,"3.A.1.208.2"
g97809.t1,"3.A.1.208.2"
g97810.t1,"3.A.1.208.2"
g97817.t1,"2.A.72"
g97832.t1,"2.A.1.9"
g97833.t1,"2.A.1.9"
g97839.t1,"1.A.1.5"
g97865.t1,"1.I.1"
g97867.t1,"1.A.33"
g97870.t1,"1.A.33"
g98017.t1,"1.I.1"
g98051.t1,"2.A.66.1"
g98138.t1,"2.A.66.1"
g98144.t1,"2.A.66.1"
g98208.t1,"9.A.40.3"
g98267.t1,"1.A.1.4"
g98282.t1,"2.A.69.1"
g98294.t1,"2.A.69.1"
g98303.t1,"2.A.69.1"
g98317.t1,"2.A.69.1"
g98327.t1,"3.A.1.201"
g98552.t1,"3.A.1.201"
g98591.t1,"3.A.8.1"
g98693.t1,"9.B.188"
g98694.t1,"9.B.188"
g98695.t1,"9.B.188"
g98707.t1,"2.A.66.1"
g98710.t1,"8.A.61"
g98717.t1,"9.A.58.1"
g98719.t1,"9.A.58.1"
g98720.t1,"9.A.58.1"
g98724.t1,"2.A.17.3"
g98774.t1,"3.A.20.1,9.A.17.1"
g98778.t1,"1.A.8.10"
g98829.t1,"2.A.1.4"
g98830.t1,"2.A.1.4"
g98907.t1,"2.A.29.8"
g98929.t1,"3.A.1.201"
g98935.t1,"2.A.18.5"
g99033.t1,"3.A.2.1"
g99105.t1,"2.A.66.1"
g99134.t1,"3.A.1.201"
g99177.t1,"1.A.25.3"
g99420.t1,"9.A.40.3"
g99437.t1,"2.A.66.1"
g99511.t1,"2.A.69.1"
g99521.t1,"3.A.1.201"
g99583.t1,"3.A.1.201"
g99594.t1,"3.A.1.201"
g99786.t1,"9.B.188"
g99787.t1,"9.B.188"
g99788.t1,"9.B.188"
g99801.t1,"2.A.66.1"
g99806.t1,"8.A.61"
g99811.t1,"9.A.58.1"
g99813.t1,"9.A.58.1"
g99821.t1,"2.A.17.3"
g99871.t1,"1.A.8.10"
g99907.t1,"2.A.1.4"
g99908.t1,"2.A.1.4"
g99976.t1,"2.A.29.8"
g99998.t1,"3.A.1.201"
g100006.t1,"2.A.18.5"
g100158.t1,"3.A.2.1"
g100238.t1,"2.A.66.1"
g100310.t1,"1.A.25.3"
g100331.t1,"2.A.17.3"
g100342.t1,"3.A.1.201"
g100421.t1,"9.B.188.1.2"
g100423.t1,"3.A.1.201"
g100426.t1,"3.A.1.201"
g100433.t1,"3.A.1.201"
g100556.t1,"3.A.2.2"
g100567.t1,"2.A.4.6"
g100573.t1,"3.A.2.1"
g100574.t1,"1.A.10.1.10,1.A.10.1.18,1.A.10.1.7"
g100575.t1,"1.A.10.1.10,1.A.10.1.18,1.A.10.1.7"
g100576.t1,"1.A.10.1.10,1.A.10.1.18,1.A.10.1.7"
g100577.t1,"1.A.10.1.10,1.A.10.1.18,1.A.10.1.7"
g100583.t1,"1.A.10.1.10,1.A.10.1.18,1.A.10.1.7"
g100584.t1,"1.A.10.1.10,1.A.10.1.18,1.A.10.1.7"
g100585.t1,"1.A.10.1.10,1.A.10.1.18,1.A.10.1.7"
g100588.t1,"1.A.10.1.10,1.A.10.1.18,1.A.10.1.7"
g100589.t1,"1.A.10.1.10,1.A.10.1.18,1.A.10.1.7"
g100590.t1,"1.A.10.1.10,1.A.10.1.18,1.A.10.1.7"
g100592.t1,"1.A.10.1.10,1.A.10.1.18,1.A.10.1.7"
g100593.t1,"1.A.10.1.10,1.A.10.1.18,1.A.10.1.7"
g100639.t1,"3.A.3.8"
g100720.t1,"1.A.8.10"
g100721.t1,"3.A.20.1"
g100736.t1,"2.A.29.8"
g100772.t1,"3.A.2.2"
g100778.t1,"3.D.4.11,3.D.4.8"
g100849.t1,"1.A.35.5"
g100894.t1,"2.A.29.23"
g100930.t1,"1.A.12.2.2,1.A.12.3.2"
g100993.t1,"2.A.29.1"
g101080.t1,"3.A.1.211"
g101087.t1,"1.B.8.1"
g101089.t1,"1.B.8.1"
g101093.t1,"2.A.17.3"
g101094.t1,"3.A.3.3"
g101129.t1,"2.A.40.6"
g101132.t1,"2.A.40.6"
g101139.t1,"9.A.58.1"
g101145.t1,"3.A.20.1"
g101155.t1,"2.A.17.3"
g101191.t1,"2.A.105.1"
g101216.t1,"2.A.7.13,2.A.7.15,2.A.7.16"
g101224.t1,"3.A.1.204"
g101225.t1,"3.A.1.204"
g101228.t1,"1.A.8.10"
g101285.t1,"2.A.29.4"
g101291.t1,"3.A.8.1"
g101293.t1,"9.A.58.1"
g101294.t1,"9.A.58.1"
g101295.t1,"9.A.58.1"
g101298.t1,"9.A.58.1"
g101299.t1,"9.A.58.1"
g101300.t1,"9.A.58.1"
g101358.t1,"3.A.1.201"
g101411.t1,"2.A.1.1.25,2.A.1.1.62,2.A.1.1.63,2.A.1.1.66,2.A.1.8"
g101539.t1,"3.A.20.1,9.A.17.1"
g101549.t1,"4.D.3.1.10"
g101568.t1,"1.A.8.10"
g101587.t1,"3.A.16.1"
g101588.t1,"2.A.1.8"
g101589.t1,"2.A.1.8"
g101632.t1,"3.A.2.2"
g101634.t1,"2.A.17.3"
g101635.t1,"2.A.17.3"
g101636.t1,"2.A.17.3"
g101637.t1,"3.A.1.201"
g101638.t1,"2.A.17.3"
g101639.t1,"2.A.17.3"
g101640.t1,"2.A.17.3"
g101646.t1,"2.A.17.3"
g101647.t1,"2.A.17.3"
g101648.t1,"2.A.17.3"
g101661.t1,"5.B.1.2"
g101662.t1,"5.B.1.2"
g101670.t1,"1.A.8.10"
g101691.t1,"3.D.1.6"
g101718.t1,"1.A.33.1"
g101764.t1,"2.A.4.3.1,2.A.4.3.4"
g101801.t1,"2.A.17.3"
g101810.t1,"2.A.7.13"
g101860.t1,"3.A.8.1"
g101863.t1,"2.A.29.5"
g101947.t1,"1.A.77.1"
g101949.t1,"3.A.8.1"
g101957.t1,"2.A.66.1"
g101986.t1,"3.A.8.1"
g101987.t1,"3.A.8.1"
g101989.t1,"3.A.8.1"
g102104.t1,"2.A.53.1"
g102158.t1,"3.A.8.1"
g102163.t1,"3.A.2.1"
g102198.t1,"3.A.3.3"
g102199.t1,"3.A.3.3"
g102270.t1,"1.A.1.4,1.A.1.5"
g102278.t1,"3.D.4.11,3.D.4.7,3.D.4.8"
g102305.t1,"1.A.33.1"
g102310.t1,"4.D.3.1.4,4.D.3.1.7"
g102331.t1,"3.A.2.2"
g102335.t1,"9.A.15.1"
g102342.t1,"1.l.1"
g102355.t1,"9.A.15.1"
g102371.t1,"3.D.4.11,3.D.4.8"
g102380.t1,"2.A.19.4.4"
g102429.t1,"1.A.1.5"
g102430.t1,"3.A.5.4,3.A.5.8,3.A.5.9"
g102461.t1,"2.A.66.1"
g102462.t1,"2.A.66.1"
g102485.t1,"2.A.69.1"
g102518.t1,"2.A.4.3.1,2.A.4.3.4"
g102522.t1,"2.A.4.3.1,2.A.4.3.4"
g102545.t1,"2.A.66.1"
g102558.t1,"3.A.8.1"
g102560.t1,"9.B.37.1,9.B.37.3"
g102577.t1,"2.A.1.14"
g102592.t1,"2.A.49.3.3"
g102606.t1,"3.A.1.201"
g102653.t1,"3.A.2.1"
g102686.t1,"2.A.7.13,2.A.7.15"
g102716.t1,"1.I.1"
g102719.t1,"1.I.1"
g102727.t1,"2.A.57.1"
g102735.t1,"1.A.107.1.4,1.A.107.1.5"
g102743.t1,"3.A.3.2"
g102750.t1,"3.D.1.6"
g102752.t1,"1.B.8.1"
g102757.t1,"2.A.66.1"
g102761.t1,"2.A.66.1"
g102767.t1,"2.A.66.1"
g102770.t1,"2.A.66.1"
g102857.t1,"2.A.17.3"
g102964.t1,"2.D.1.1"
g103006.t1,"3.A.3.6"
g103033.t1,"2.A.1.1.25,2.A.1.1.62,2.A.1.1.63,2.A.1.1.66,2.A.1.8"
g103099.t1,"3.A.1.201"
g103102.t1,"3.A.1.201"
g103159.t1,"3.A.1.208,3.A.1.208.2,3.A.1.208.8"
g103248.t1,"2.A.93.1"
g103254.t1,"2.A.93.1"
g103304.t1,"3.A.8.1"
g103558.t1,"1.l.1"
g103564.t1,"1.l.1"
g103570.t1,"1.l.1"
g103596.t1,"3.A.2.1"
g103644.t1,"1.A.33"
g103648.t1,"3.A.3.3"
g103805.t1,"3.A.1.201"
g103806.t1,"3.A.1.201"
g104028.t1,"3.D.1.6"
g104029.t1,"3.D.1.6"
g104084.t1,"3.A.1.201"
g104286.t1,"3.A.1.208,3.A.1.208.2,3.A.1.208.8"
g105042.t1,"3.A.3.3"
g105043.t1,"3.A.3.3"
g105115.t1,"1.A.1.4,1.A.1.5"
g105125.t1,"3.A.2.1"
g105148.t1,"1.A.33.1"
g105153.t1,"4.D.3.1.4,4.D.3.1.7"
g105174.t1,"3.A.2.2"
g105178.t1,"9.A.15.1"
g105185.t1,"1.l.1"
g105197.t1,"9.A.15.1"
g105212.t1,"3.D.4.11,3.D.4.8"
g105221.t1,"2.A.19.4.4"
g105248.t1,"1.A.1.5"
g105249.t1,"3.A.5.4,3.A.5.8,3.A.5.9"
g105290.t1,"2.A.66.1"
g105291.t1,"2.A.66.1"
g105311.t1,"2.A.69.1"
g105338.t1,"2.A.4.3.1,2.A.4.3.4"
g105342.t1,"2.A.4.3.1,2.A.4.3.4"
g105368.t1,"2.A.66.1"
g105381.t1,"3.A.8.1"
g105383.t1,"9.B.37.1,9.B.37.3"
g105391.t1,"2.A.66.1"
g105399.t1,"2.A.1.14"
g105414.t1,"2.A.49.3.3"
g105424.t1,"3.A.1.201"
g105454.t1,"3.A.2.1"
g105488.t1,"2.A.7.13,2.A.7.15"
g105516.t1,"1.I.1"
g105519.t1,"1.I.1"
g105527.t1,"2.A.57.1"
g105535.t1,"1.A.107.1.4,1.A.107.1.5"
g105542.t1,"3.A.3.2"
g105550.t1,"3.D.1.6"
g105552.t1,"1.B.8.1"
g105557.t1,"2.A.66.1"
g105561.t1,"2.A.66.1"
g105567.t1,"2.A.66.1"
g105570.t1,"2.A.66.1"
g105655.t1,"2.A.17.3"
g105762.t1,"2.D.1.1"
g105800.t1,"3.A.3.6"
g105853.t1,"3.A.1.201"
g105984.t1,"2.A.93.1"
g105992.t1,"2.A.93.1"
g106038.t1,"3.A.8.1"
g106061.t1,"3.A.1.201"
g106172.t1,"3.A.1.201,3.A.1.208"
g106299.t1,"1.l.1"
g106300.t1,"1.l.1"
g106303.t1,"1.l.1"
g106305.t1,"1.l.1"
g106377.t1,"1.A.33"
g106381.t1,"3.A.3.3"
g106521.t1,"3.A.1.201"
g106523.t1,"3.A.1.201"
g106877.t1,"3.A.1.208,3.A.1.208.2,3.A.1.208.8"
g107221.t1,"2.A.66.1"
g107852.t1,"3.D.1.6"
g108589.t1,"3.A.1.208,3.A.1.208.2,3.A.1.208.8"
g108756.t1,"3.A.1.201"
g108845.t1,"1.l.1"
g108850.t1,"1.l.1"
g108872.t1,"3.A.1.208,3.A.1.208.2,3.A.1.208.8"
g108971.t1,"3.A.3.2"
g108974.t1,"3.A.3.2"
g108977.t1,"3.A.3.2"
g108982.t1,"3.A.3.2"
g108983.t1,"3.A.3.2"
g109097.t1,"3.D.4.11,3.D.4.7,3.D.4.8"
g109363.t1,"2.A.66.1"
g109461.t1,"3.A.1.201"
g109934.t1,"2.A.17.3"
g109972.t1,"3.A.1.201"
g110020.t1,"3.A.2.2"
g110165.t1,"3.D.4.11,3.D.4.7,3.D.4.8"
g110215.t1,"3.A.2.1"
g110765.t1,"1.I.1"
g111110.t1,"1.A.14.1.1,1.A.14.1.2,1.A.14.1.3,1.A.14.1.4"
g111251.t1,"1.A.33"
g111252.t1,"1.A.33"
g111501.t1,"2.A.17.3"
g111600.t1,"3.A.2.2"
g111726.t1,"3.A.1.208,3.A.1.208.2,3.A.1.208.8"
g112013.t1,"3.A.2.1"
g112112.t1,"3.A.1.208,3.A.1.208.2,3.A.1.208.8"
g112442.t1,"2.A.29.12.1,2.A.29.12.2"
g112696.t1,"3.A.2.1"
g113272.t1,"1.I.1"
g113626.t1,"1.A.1.4"
g113711.t1,"3.A.1.208,3.A.1.208.2,3.A.1.208.8"
g113739.t1,"3.D.1.6"
g114219.t1,"1.A.33"
g114220.t1,"1.A.33"
g114327.t1,"2.A.29.12.1,2.A.29.12.2"
g114867.t1,"3.A.1.201"
g114868.t1,"3.A.8.1"
g114933.t1,"3.A.1.208,3.A.1.208.2,3.A.1.208.8"
g115118.t1,"2.A.66.1"
g115124.t1,"3.A.1.201"
g115296.t1,"3.A.1.208,3.A.1.208.2,3.A.1.208.8"
g115438.t1,"3.A.1.201"
g115613.t1,"3.A.1.201"
g115680.t1,"3.A.20.1"
g115826.t1,"2.A.19.4.4"
g116024.t1,"3.A.1.201"
g116131.t1,"1.A.10.1.10,1.A.10.1.18,1.A.10.1.7"
g116155.t1,"2.A.5.1,2.A.5.3,2.A.5.6"
g116156.t1,"2.A.5.1,2.A.5.3,2.A.5.6"
g116159.t1,"2.A.47"
g116160.t1,"2.A.5.1,2.A.5.3,2.A.5.6"
g116283.t1,"3.A.1.201"
g116285.t1,"3.A.1.201"
g116406.t1,"4.C.1.1"
g116410.t1,"1.A.38"
g116457.t1,"1.A.14.1.1,1.A.14.1.2,1.A.14.1.3,1.A.14.1.4"
g116461.t1,"1.A.14.1.1,1.A.14.1.2,1.A.14.1.3,1.A.14.1.4"
g116476.t1,"3.A.1.201"
g116482.t1,"2.A.17.3"
g116492.t1,"1.A.14.1.1,1.A.14.1.2,1.A.14.1.3,1.A.14.1.4"
g116493.t1,"1.A.14.1.1,1.A.14.1.2,1.A.14.1.3,1.A.14.1.4"
g116495.t1,"1.A.14.1.1,1.A.14.1.2,1.A.14.1.3,1.A.14.1.4"
g116496.t1,"1.A.14.1.1,1.A.14.1.2,1.A.14.1.3,1.A.14.1.4"
g116519.t1,"3.A.1.201"
g116556.t1,"1.I.1"
g116611.t1,"3.A.1.201"
g116626.t1,"1.A.1.4"
g116628.t1,"1.A.14.1.1,1.A.14.1.2,1.A.14.1.3,1.A.14.1.4"
g116653.t1,"2.A.17.3"
g116657.t1,"2.A.40.6"
g116658.t1,"1.A.12.2.2,1.A.12.3.2"
g116660.t1,"3.A.1.208"
g116765.t1,"3.A.2.2"
g116785.t1,"3.A.1.201"
g116788.t1,"3.A.1.201"
g116972.t1,"3.A.3"
g116977.t1,"2.A.66.1"
g116978.t1,"1.A.10.1.10,1.A.10.1.18,1.A.10.1.7"
g116979.t1,"1.A.10.1.10,1.A.10.1.18,1.A.10.1.7"
g116984.t1,"2.A.7.9"
g117204.t1,"3.A.1.201"
g117224.t1,"4.C.1.1"
g117296.t1,"1.A.1.11.1,1.A.1.11.13,1.A.1.11.20,1.A.1.11.21,1.A.1.11.26,1.A.1.11.27,1.A.1.11.30,1.A.1.11.5,1.A.1.11.7,1.A.1.11.8"
g117312.t1,"2.A.29.1"
g117394.t1,"3.A.1.204"
g117410.t1,"3.A.2.1"
g117464.t1,"1.A.25.3"
g117466.t1,"1.A.25.3"
g117467.t1,"1.A.25.3"
g117502.t1,"1.A.25.3"
g117516.t1,"2.A.7"
g117518.t1,"2.A.7"
g117596.t1,"2.A.19"
g117618.t1,"1.A.12.2.2,1.A.12.3.2"
g117619.t1,"1.A.12.2.2,1.A.12.3.2"
g117620.t1,"1.A.12.2.2,1.A.12.3.2"
g117624.t1,"1.A.12.2.2,1.A.12.3.2"
g117626.t1,"1.A.12.2.2,1.A.12.3.2"
g117627.t1,"1.A.12.2.2,1.A.12.3.2"
g117628.t1,"1.A.12.2.2,1.A.12.3.2"
g117630.t1,"1.A.12.2.2,1.A.12.3.2"
g117631.t1,"1.A.12.2.2,1.A.12.3.2"
g117632.t1,"1.A.12.2.2,1.A.12.3.2"
g117633.t1,"1.A.12.2.2,1.A.12.3.2"
g117634.t1,"1.A.12.2.2,1.A.12.3.2"
g117702.t1,"2.A.28,9.A.58.1"
g117770.t1,"3.A.1.204"
g117831.t1,"2.A.92.1"
g117859.t1,"3.A.1.204"
g117891.t1,"3.A.2.2"
g117908.t1,"3.A.1.201"
g117911.t1,"3.A.1.201"
g118112.t1,"3.A.3"
g118117.t1,"2.A.66.1"
g118118.t1,"1.A.10.1.10,1.A.10.1.18,1.A.10.1.7"
g118119.t1,"1.A.10.1.10,1.A.10.1.18,1.A.10.1.7"
g118124.t1,"2.A.7.9"
g118348.t1,"3.A.1.201"
g118368.t1,"4.C.1.1"
g118440.t1,"1.A.1.11.1,1.A.1.11.13,1.A.1.11.20,1.A.1.11.21,1.A.1.11.26,1.A.1.11.27,1.A.1.11.30,1.A.1.11.5,1.A.1.11.7,1.A.1.11.8"
g118456.t1,"2.A.29.1"
g118527.t1,"3.A.1.204"
g118545.t1,"3.A.2.1"
g118594.t1,"1.A.25.3"
g118595.t1,"1.A.25.3"
g118602.t1,"3.A.1.201"
g118640.t1,"1.A.25.3"
g118641.t1,"1.A.25.3"
g118642.t1,"1.A.25.3"
g118652.t1,"1.A.25.3"
g118677.t1,"1.A.25.3"
g118684.t1,"1.A.25.3"
g118694.t1,"1.A.25.3"
g118696.t1,"1.A.25.3"
g118698.t1,"1.A.25.3"
g118699.t1,"1.A.25.3"
g118735.t1,"1.A.25.3"
g118745.t1,"1.A.25.3"
g118748.t1,"3.A.1.201"
g118788.t1,"1.A.25.3"
g118789.t1,"1.A.25.3"
g118790.t1,"1.A.25.3"
g118804.t1,"2.A.7"
g118896.t1,"2.A.19"
g118912.t1,"1.A.12.2.2,1.A.12.3.2"
g118913.t1,"1.A.12.2.2,1.A.12.3.2"
g118914.t1,"1.A.12.2.2,1.A.12.3.2"
g118915.t1,"1.A.12.2.2,1.A.12.3.2"
g118922.t1,"1.A.12.2.2,1.A.12.3.2"
g118923.t1,"1.A.12.2.2,1.A.12.3.2"
g118924.t1,"1.A.12.2.2,1.A.12.3.2"
g118925.t1,"1.A.12.2.2,1.A.12.3.2"
g118926.t1,"1.A.12.2.2,1.A.12.3.2"
g118927.t1,"1.A.12.2.2,1.A.12.3.2"
g118928.t1,"1.A.12.2.2,1.A.12.3.2"
g118929.t1,"1.A.12.2.2,1.A.12.3.2"
g118970.t1,"3.A.1.201"
g118992.t1,"2.A.17.3"
g119013.t1,"2.A.28,9.A.58.1"
g119078.t1,"3.A.1.204"
g119137.t1,"2.A.92.1"
g119148.t1,"2.A.92.1"
g119185.t1,"3.A.1.204"
g119206.t1,"5.A.1.2"
g119247.t1,"2.A.1.19,2.A.1.19.2,2.A.1.19.3,2.A.1.19.6"
g119256.t1,"2.A.1.19,2.A.1.19.2,2.A.1.19.3,2.A.1.19.6"
g119257.t1,"2.A.1.19,2.A.1.19.2,2.A.1.19.3,2.A.1.19.6"
g119294.t1,"3.A.1.201"
g119359.t1,"2.A.7.9"
g119468.t1,"1.C.40.1.2"
g119488.t1,"3.A.8.1"
g119497.t1,"3.A.3.2"
g119498.t1,"3.A.1.208.2"
g119503.t1,"2.A.5.1,2.A.5.3,2.A.5.6"
g119504.t1,"3.A.8.1"
g119512.t1,"1.A.1.7"
g119529.t1,"9.B.188.1.2"
g119586.t1,"9.A.49.1"
g119749.t1,"2.A.66.1"
g119756.t1,"2.A.1.1.46"
g119781.t1,"2.A.28"
g119817.t1,"2.A.17.3"
g119877.t1,"2.A.17.3"
g119900.t1,"3.A.1.208,3.A.1.208.2,3.A.1.208.8"
g119902.t1,"3.A.1.208,3.A.1.208.2,3.A.1.208.8"
g119962.t1,"3.A.1.201"
g120025.t1,"1.A.10.1.10,1.A.10.1.18,1.A.10.1.7"
g120068.t1,"1.A.56.1"
g120102.t1,"2.A.66.1"
g120106.t1,"2.A.66.1"
g120109.t1,"2.A.66.1"
g120115.t1,"2.A.66.1"
g120116.t1,"2.A.66.1"
g120120.t1,"2.A.66.1"
g120121.t1,"2.A.66.1"
g120126.t1,"2.A.66.1"
g120128.t1,"2.A.66.1"
g120349.t1,"4.D.3.1.9"
g120356.t1,"3.A.2.1"
g120432.t1,"3.A.1.201"
g120481.t1,"1.A.8,1.A.8.11"
g120508.t1,"3.A.2.2"
g120520.t1,"4.C.1.1"
g120562.t1,"2.A.66.1"
g120569.t1,"2.A.1.1.46"
g120594.t1,"2.A.28"
g120629.t1,"2.A.17.3"
g120735.t1,"2.A.17.3"
g120763.t1,"3.A.1.208,3.A.1.208.2,3.A.1.208.8"
g120768.t1,"3.A.1.208,3.A.1.208.2,3.A.1.208.8"
g120769.t1,"3.A.2.1"
g120771.t1,"3.A.1.208,3.A.1.208.2,3.A.1.208.8"
g120840.t1,"3.A.1.201"
g120916.t1,"1.A.10.1.10,1.A.10.1.18,1.A.10.1.7"
g120965.t1,"1.A.56.1"
g121027.t1,"2.A.66.1"
g121069.t1,"3.A.1.208"
g121153.t1,"4.D.3.1.9"
g121160.t1,"3.A.2.1"
g121242.t1,"3.A.1.201"
g121297.t1,"1.A.8,1.A.8.11"
g121319.t1,"3.A.2.2"
g121339.t1,"4.C.1.1"
g121341.t1,"4.C.1.1"
g121342.t1,"2.A.9"
g121373.t1,"1.A.33"
g121422.t1,"2.A.66.1"
g121430.t1,"1.A.8.12"
g121456.t1,"2.A.66.1"
g121573.t1,"3.A.1.201"
g121584.t1,"1.A.33"
g121747.t1,"3.A.5.8,3.A.5.9"
g121824.t1,"2.A.72"
g121962.t1,"2.A.66.1"
g122176.t1,"1.A.1.4"
g122355.t1,"3.A.1.208,3.A.1.208.2,3.A.1.208.8"
g122361.t1,"1.A.56.1"
g122547.t1,"5.B.2.1"
g122776.t1,"2.A.1.1.25,2.A.1.1.62,2.A.1.1.63,2.A.1.1.66,2.A.1.8"
g122779.t1,"2.A.1.1.25,2.A.1.1.62,2.A.1.1.63,2.A.1.1.66,2.A.1.8"
g123128.t1,"3.D.1.6"
g123620.t1,"3.D.1.6"
g123684.t1,"2.A.18.8"
g123714.t1,"3.A.1.208,3.A.1.208.2,3.A.1.208.8"
g123984.t1,"3.A.1.208,3.A.1.208.2,3.A.1.208.8"
g124159.t1,"2.A.66.1"
g124211.t1,"1.A.33"
g124237.t1,"2.A.66.1"
g124277.t1,"1.A.33"
g124285.t1,"1.A.1.4"
g124692.t1,"2.A.17.3"
g124737.t1,"3.A.5.8,3.A.5.9"
g124812.t1,"2.A.72"
g124927.t1,"2.A.66.1"
g125134.t1,"1.A.1.4"
g125302.t1,"3.A.1.208,3.A.1.208.2,3.A.1.208.8"
g125453.t1,"5.B.2.1"
g125680.t1,"2.A.1.1.25,2.A.1.1.62,2.A.1.1.63,2.A.1.1.66,2.A.1.8"
g125682.t1,"2.A.1.1.25,2.A.1.1.62,2.A.1.1.63,2.A.1.1.66,2.A.1.8"
g125683.t1,"2.A.1.1.25,2.A.1.1.62,2.A.1.1.63,2.A.1.1.66,2.A.1.8"
g126202.t1,"1.B.33"
g126749.t1,"3.A.1.208,3.A.1.208.2,3.A.1.208.8"
g126824.t1,"3.A.1.208,3.A.1.208.2,3.A.1.208.8"
g126858.t1,"2.A.18.8"
g126880.t1,"3.A.1.208,3.A.1.208.2,3.A.1.208.8"
g127266.t1,"1.A.33"
g127310.t1,"2.A.66.1"
g127334.t1,"1.A.33"
g127385.t1,"3.A.1.201"
g127460.t1,"2.A.66.1"
g127909.t1,"3.D.1.6"
g128643.t1,"3.A.2.1"
g128715.t1,"3.A.2.1"
g129021.t1,"3.A.1.208,3.A.1.208.2,3.A.1.208.8"
g129296.t1,"3.A.1.208.2"
g130394.t1,"2.A.7.24.1,2.A.7.24.4,2.A.7.24.6"
g130438.t1,"2.A.7.24.1,2.A.7.24.4,2.A.7.24.6"
g131453.t1,"3.D.1.6"
g131454.t1,"3.D.1.6"
g131714.t1,"3.A.1.208,3.A.1.208.2,3.A.1.208.8"
g132346.t1,"1.A.14.1.1,1.A.14.1.2,1.A.14.1.3,1.A.14.1.4"
g132962.t1,"2.A.17.3"
g133008.t1,"3.D.1.6"
g133016.t1,"2.A.29.12.2,2.A.29.23"
g133017.t1,"4.D.3.1.4,4.D.3.1.7"
g133082.t1,"3.A.1.208,3.A.1.208.2,3.A.1.208.8"
g133181.t1,"3.A.3.5"
g133182.t1,"3.A.3.5"
g133183.t1,"3.A.3.5"
g133189.t1,"3.A.3.5"
g133193.t1,"3.A.3.5"
g133536.t1,"1.A.23.4"
g133682.t1,"1.A.33"
g133733.t1,"2.A.29.12.1,2.A.29.12.2"
g133766.t1,"2.A.29.1"
g133814.t1,"2.A.5.1,2.A.5.3,2.A.5.6"
g133924.t1,"3.A.2.1"
g133950.t1,"1.A.1.4"
g134125.t1,"3.A.1.201"
g134127.t1,"9.B.188.1.2"
g134129.t1,"3.A.1.201"
g134137.t1,"9.B.188.1.2"
g134249.t1,"1.I.1"
g134262.t1,"1.I.1"
g134335.t1,"3.A.1.208,3.A.1.208.2,3.A.1.208.8"
g134410.t1,"1.A.8.10"
g134421.t1,"2.A.17.3"
g134429.t1,"3.D.1.6"
g134434.t1,"2.A.7.13,2.A.7.15"
g134436.t1,"1.A.1.4"
g134465.t1,"1.A.11"
g134471.t1,"3.A.1.201"
g134601.t1,"3.A.2.2"
g134690.t1,"1.A.1.4"
g134703.t1,"9.B.228.1"
g134747.t1,"1.A.1.4"
g135074.t1,"2.A.17.3"
g135111.t1,"2.A.29.12.2,2.A.29.23"
g135112.t1,"4.D.3.1.4,4.D.3.1.7"
g135273.t1,"3.A.3.5"
g135274.t1,"3.A.3.5"
g135275.t1,"3.A.3.5"
g135281.t1,"3.A.3.5"
g135285.t1,"3.A.3.5"
g135317.t1,"2.A.66.1"
g135429.t1,"3.A.1.201"
g135548.t1,"1.A.23.4"
g135745.t1,"2.A.29.12.1,2.A.29.12.2"
g135769.t1,"2.A.29.1"
g135771.t1,"2.A.29.1"
g135794.t1,"3.A.1.201"
g135844.t1,"2.A.5.1,2.A.5.3,2.A.5.6"
g135939.t1,"3.A.2.1"
g136134.t1,"3.A.1.201"
g136136.t1,"9.B.188.1.2"
g136138.t1,"3.A.1.201"
g136146.t1,"9.B.188.1.2"
g136258.t1,"1.I.1"
g136271.t1,"1.I.1"
g136344.t1,"3.A.1.208,3.A.1.208.2,3.A.1.208.8"
g136419.t1,"1.A.8.10"
g136428.t1,"2.A.17.3"
g136436.t1,"3.D.1.6"
g136441.t1,"2.A.7.13,2.A.7.15"
g136443.t1,"1.A.1.4"
g136472.t1,"1.A.11"
g136478.t1,"3.A.1.201"
g136607.t1,"3.A.2.2"
g136696.t1,"1.A.1.4"
g136709.t1,"9.B.228.1"
g136753.t1,"1.A.1.4"
g136946.t1,"2.A.47"
g137043.t1,"1.A.1.5"
g137090.t1,"1.I.1"
g137234.t1,"9.B.188.1.2"
g137474.t1,"2.A.21.6"
g137507.t1,"3.A.1.201"
g137645.t1,"4.D.3.1.9"
g137702.t1,"3.A.1.201"
g137707.t1,"3.A.2.1"
g137721.t1,"3.A.1.201"
g137760.t1,"2.A.17.3"
g137790.t1,"3.D.4.11,3.D.4.8"
g137855.t1,"3.A.1.201"
g137873.t1,"2.A.3.2,2.A.3.3,2.A.3.3.2,2.A.3.3.5"
g137874.t1,"2.A.3.2,2.A.3.3,2.A.3.3.2,2.A.3.3.5"
g137930.t1,"3.A.3.3"
g138039.t1,"3.A.20.1,9.A.17.1"
g138089.t1,"2.A.17.3"
g138173.t1,"3.A.1.201"
g138225.t1,"2.A.66.1"
g138299.t1,"3.D.1.6"
g138301.t1,"1.l.1"
g138302.t1,"2.A.7.11.5"
g138306.t1,"2.A.66.1"
g138401.t1,"3.A.3.5"
g138402.t1,"1.A.12.2.2,1.A.12.3.2"
g138404.t1,"1.A.12.2.2,1.A.12.3.2"
g138421.t1,"2.A.29.18,2.A.29.5"
g138424.t1,"2.A.1.19.2,2.A.1.19.3,2.A.1.19.6"
g138432.t1,"1.A.8,1.A.8.11"
g138459.t1,"3.A.8.1"
g138489.t1,"5.B.1.1.5"
g138509.t1,"3.A.1.208.2"
g138522.t1,"2.A.29.23"
g138535.t1,"1.I.1"
g138557.t1,"4.C.1.1"
g138558.t1,"2.A.9"
g138638.t1,"3.A.5.7,3.A.5.9"
g138641.t1,"9.A.58.1"
g138646.t1,"1.A.33"
g138699.t1,"3.A.8.1"
g138744.t1,"9.B.207.1"
g138746.t1,"2.A.18.1"
g138755.t1,"2.A.17.3"
g138756.t1,"2.A.17.3"
g138767.t1,"2.A.1.14"
g138798.t1,"2.A.29.3.3,2.A.29.3.4,2.A.29.3.5"
g138820.t1,"3.A.8.1"
g138830.t1,"1.A.56.1"
g138835.t1,"1.A.12.2.2,1.A.12.3.2"
g138836.t1,"1.A.12.2.2,1.A.12.3.2"
g138837.t1,"1.A.12.2.2,1.A.12.3.2"
g138838.t1,"1.A.12.2.2,1.A.12.3.2"
g138839.t1,"1.A.12.2.2,1.A.12.3.2"
g138840.t1,"1.A.12.2.2,1.A.12.3.2"
g138841.t1,"1.A.12.2.2,1.A.12.3.2"
g138842.t1,"1.A.12.2.2,1.A.12.3.2"
g138843.t1,"1.A.12.2.2,1.A.12.3.2"
g138844.t1,"1.A.12.2.2,1.A.12.3.2"
g138845.t1,"1.A.12.2.2,1.A.12.3.2"
g138846.t1,"1.A.12.2.2,1.A.12.3.2"
g138847.t1,"1.A.12.2.2,1.A.12.3.2"
g138848.t1,"1.A.12.2.2,1.A.12.3.2"
g138849.t1,"1.A.12.2.2,1.A.12.3.2"
g138850.t1,"1.A.12.2.2,1.A.12.3.2"
g138851.t1,"1.A.12.2.2,1.A.12.3.2"
g138852.t1,"1.A.12.2.2,1.A.12.3.2"
g138853.t1,"1.A.12.2.2,1.A.12.3.2"
g138854.t1,"1.A.12.2.2,1.A.12.3.2"
g138855.t1,"1.A.12.2.2,1.A.12.3.2"
g138856.t1,"1.A.12.2.2,1.A.12.3.2"
g138864.t1,"2.A.17.3"
g138867.t1,"2.A.29.23"
g138876.t1,"9.A.49.1.3"
g138953.t1,"1.A.33.1"
g139043.t1,"3.A.5.1,3.A.5.2,3.A.5.7,3.A.5.8,3.A.5.9"
g139049.t1,"3.A.1.106,3.A.1.110,3.A.1.112,3.A.1.113,3.A.1.117,3.A.1.21"
g139185.t1,"3.A.5.8,3.A.5.9"
g139211.t1,"4.D.3.1.10"
g139230.t1,"2.A.39"
g139279.t1,"2.A.39"
g139341.t1,"3.A.1.201"
g139343.t1,"4.D.3.1.10"
g139363.t1,"3.A.16.1"
g139389.t1,"2.A.55"
g139395.t1,"1.A.1.5"
g139403.t1,"1.A.8,1.A.8.11"
g139404.t1,"1.A.8,1.A.8.11"
g139405.t1,"1.A.8,1.A.8.11"
g139424.t1,"3.A.1.201"
g139453.t1,"1.I.1"
g139521.t1,"1.A.12.2.2,1.A.12.3.2"
g139524.t1,"1.A.12.2.2,1.A.12.3.2"
g139527.t1,"3.A.5.1,3.A.5.2,3.A.5.7,3.A.5.8,3.A.5.9"
g139528.t1,"1.A.12.2.2,1.A.12.3.2"
g139540.t1,"1.A.12.2.2,1.A.12.3.2"
g139597.t1,"3.A.1.204"
g139702.t1,"3.A.1.201"
g139706.t1,"3.A.1.201"
g139770.t1,"3.A.1.201"
g139774.t1,"3.A.1.201"
g139976.t1,"2.A.17.3"
g140066.t1,"2.A.19"
g140081.t1,"2.A.29.23"
g140086.t1,"1.A.1.4"
g140140.t1,"1.A.1.4"
g140141.t1,"1.A.1.4"
g140142.t1,"1.A.1.4"
g140154.t1,"3.A.1.201"
g140305.t1,"1.I.1"
g140432.t1,"9.A.49.1"
g140625.t1,"1.A.56.1"
g140689.t1,"1.A.1.4"
g140700.t1,"3.A.3.8"
g140837.t1,"3.A.1.208,3.A.1.208.2,3.A.1.208.8"
g141101.t1,"3.A.1.201"
g141187.t1,"1.A.12.2.2,1.A.12.3.2"
g141239.t1,"3.A.1.208,3.A.1.208.2,3.A.1.208.8"
g141504.t1,"3.A.1.201"
g141591.t1,"1.A.12.2.2,1.A.12.3.2"
g142208.t1,"1.A.12.2.2,1.A.12.3.2"
g142244.t1,"1.A.12.2.2,1.A.12.3.2"
g142298.t1,"1.A.47"
g142301.t1,"1.I.1"
g142362.t1,"2.A.66.1"
g142390.t1,"3.A.1.208,3.A.1.208.2,3.A.1.208.8"
g143044.t1,"2.A.1.9"
g143400.t1,"3.A.1.201"
g143477.t1,"3.A.1.208,3.A.1.208.2,3.A.1.208.8"
g143831.t1,"3.A.2.2"
g144201.t1,"3.A.1.208,3.A.1.208.2,3.A.1.208.8"
g144250.t1,"3.A.1.208,3.A.1.208.2,3.A.1.208.8"
g144251.t1,"3.A.1.208,3.A.1.208.2,3.A.1.208.8"
g144434.t1,"2.A.29.3.3,2.A.29.3.4,2.A.29.3.5"
g144455.t1,"3.A.2.1"
g144458.t1,"2.A.1.14"
g144460.t1,"2.A.1.14"
g144757.t1,"3.A.1.201"
g144840.t1,"3.A.1.201"
g145010.t1,"2.A.1.4"
g145701.t1,"3.A.1.201"
g146554.t1,"3.A.1.201"
g146558.t1,"2.A.66.1"
g147137.t1,"3.A.2.1"
g147243.t1,"3.A.1.208,3.A.1.208.2,3.A.1.208.8"
g147333.t1,"3.A.1.208,3.A.1.208.2,3.A.1.208.8"
g147372.t1,"2.A.66.1"
g147405.t1,"1.A.33"
g147572.t1,"3.A.1.201"
g147697.t1,"2.A.1.14"
g148324.t1,"2.A.66.1"
g148328.t1,"3.A.1.201"
g148690.t1,"2.A.17.3"
g149171.t1,"3.A.1.210"
g149175.t1,"3.A.1.210"
g149180.t1,"3.A.1.210"
g149507.t1,"2.A.29.3.3,2.A.29.3.4,2.A.29.3.5"
g149525.t1,"3.A.2.1"
g149527.t1,"2.A.1.14"
g149529.t1,"2.A.1.14"
g149861.t1,"1.A.33.1"
g149967.t1,"3.A.2.1"
g150484.t1,"2.A.1.4"
g150769.t1,"3.A.1.201"
g150821.t1,"3.A.1.201"
g151006.t1,"2.A.1.14"
g151256.t1,"3.A.1.210"
g151260.t1,"3.A.1.210"
g151262.t1,"3.A.1.210"
g151495.t1,"3.A.1.201"
g151683.t1,"2.A.66.1"
g151691.t1,"3.A.2.1"
g151723.t1,"3.A.1.208,3.A.1.208.2,3.A.1.208.8"
g151822.t1,"3.A.1.208,3.A.1.208.2,3.A.1.208.8"
g152133.t1,"3.A.2.1"
g152916.t1,"2.A.66.1"
g153115.t1,"2.A.108.1"
g153116.t1,"2.A.28"
g153340.t1,"1.A.33"
g153874.t1,"3.D.1.6"
g153920.t1,"3.A.1.201"
g154255.t1,"3.A.1.201"
g154508.t1,"2.A.108.1"
g154509.t1,"2.A.28"
g154575.t1,"3.A.1.208,3.A.1.208.2,3.A.1.208.8"
g154796.t1,"1.A.33"
g155617.t1,"3.A.1.201"
g155949.t1,"2.A.1.9"
g155951.t1,"2.A.1.9"
g155952.t1,"2.A.1.9"
g156068.t1,"2.A.17.3"
g156135.t1,"2.A.17.3"
g156229.t1,"3.A.1.201"
g156290.t1,"2.A.66.1"
g156295.t1,"3.A.2.1"
g156296.t1,"3.A.2.1"
g156333.t1,"2.A.7.24.1,2.A.7.24.4,2.A.7.24.6"
g156334.t1,"2.A.7.24.1,2.A.7.24.4,2.A.7.24.6"
g156396.t1,"3.A.1.201"
g156403.t1,"3.A.1.201"
g156405.t1,"3.A.1.201"
g156412.t1,"3.A.1.201"
g156490.t1,"3.A.1.201"
g156586.t1,"9.B.188.1.2"
g156619.t1,"1.A.12.2.2,1.A.12.3.2"
g156620.t1,"1.A.12.2.2,1.A.12.3.2"
g156665.t1,"3.D.1.6"
g156678.t1,"3.D.1.6"
g156679.t1,"3.D.1.6"
g156680.t1,"3.D.1.6"
g156700.t1,"2.A.66.1"
g156798.t1,"9.A.40.3"
g156853.t1,"1.I.1"
g156861.t1,"1.I.1"
g156886.t1,"2.A.66.1"
g156903.t1,"3.A.1.201"
g156991.t1,"2.A.53.1"
g156998.t1,"2.A.7.13,2.A.7.15"
g157049.t1,"1.A.11"
g157051.t1,"1.A.11"
g157052.t1,"1.A.11"
g157060.t1,"3.D.1.6"
g157061.t1,"3.D.1.6"
g157111.t1,"1.A.35.5"
g157114.t1,"9.A.49.1"
g157128.t1,"3.A.1.201"
g157267.t1,"2.A.1.9"
g157268.t1,"2.A.1.9"
g157331.t1,"2.A.19.4.4"
g157372.t1,"3.A.1.201"
g157383.t1,"3.A.1.201"
g157425.t1,"2.A.17.3"
g157426.t1,"2.A.17.3"
g157429.t1,"3.A.1.201"
g157435.t1,"4.D.3.1.4,4.D.3.1.7"
g157439.t1,"9.B.188.1.2"
g157440.t1,"9.B.188.1.2"
g157451.t1,"9.A.40.3"
g157474.t1,"3.A.1.201"
g157506.t1,"1.I.1"
g157533.t1,"2.A.66.1"
g157637.t1,"2.A.53.1"
g157643.t1,"2.A.7.13,2.A.7.15"
g157691.t1,"1.A.11"
g157699.t1,"3.D.1.6"
g157700.t1,"3.D.1.6"
g157746.t1,"1.A.35.5"
g157749.t1,"9.A.49.1"
g157875.t1,"2.A.1.9"
g157876.t1,"2.A.1.9"
g157940.t1,"2.A.19.4.4"
g157975.t1,"3.A.1.201"
g158004.t1,"2.A.17.3"
g158007.t1,"1.A.33"
g158009.t1,"2.A.17.3"
g158019.t1,"4.D.3.1.4,4.D.3.1.7"
g158036.t1,"2.A.17.3"
g158041.t1,"2.A.17.3"
g158044.t1,"9.B.188.1.2"
g158045.t1,"9.B.188.1.2"
g158060.t1,"2.A.17.3"
g158063.t1,"2.A.17.3"
g158067.t1,"2.A.17.3"
g158072.t1,"2.A.1.9"
g158094.t1,"3.A.1.201"
g158097.t1,"2.A.1.9"
g158098.t1,"2.A.1.9"
g158099.t1,"2.A.1.9"
g158109.t1,"2.A.17.3"
g158125.t1,"1.A.75.1"
g158127.t1,"1.A.75.1"
g158129.t1,"1.A.75.1"
g158130.t1,"1.A.75.1"
g158144.t1,"2.A.1.1.46"
g158168.t1,"2.A.29.2.2,2.A.29.2.3,2.A.29.2.7,2.A.29.24,2.A.29.3.3,2.A.29.3.4,2.A.29.3.5"
g158212.t1,"9.A.58.1"
g158254.t1,"2.A.72"
g158258.t1,"2.A.72"
g158260.t1,"2.A.72"
g158263.t1,"1.A.12.2.2,1.A.12.3.2"
g158269.t1,"9.A.24"
g158284.t1,"3.A.1.208.2,3.A.1.208.8"
g158308.t1,"2.A.19.6"
g158342.t1,"2.A.29.10.1,2.A.29.10.2,2.A.29.10.3,2.A.29.10.5"
g158368.t1,"2.A.29"
g158378.t1,"4.C.1.1"
g158379.t1,"4.C.1.1"
g158380.t1,"2.A.49.3.3"
g158416.t1,"1.A.33"
g158454.t1,"8.A.63.1.1"
g158510.t1,"2.A.53.1"
g158542.t1,"9.B.188.1.2"
g158564.t1,"3.A.3.2"
g158565.t1,"3.A.3.2"
g158566.t1,"3.A.3.2"
g158571.t1,"3.A.3.2"
g158572.t1,"3.A.3.2"
g158573.t1,"3.A.3.2"
g158575.t1,"3.A.3.2"
g158578.t1,"3.A.3.2"
g158579.t1,"3.A.3.2"
g158580.t1,"3.A.3.2"
g158582.t1,"3.A.3.2"
g158583.t1,"3.A.3.2"
g158584.t1,"3.A.3.2"
g158585.t1,"3.A.3.2"
g158586.t1,"3.A.3.2"
g158602.t1,"2.A.17.3"
g158626.t1,"2.A.64"
g158642.t1,"3.A.1.208,3.A.1.208.2,3.A.1.208.8"
g158655.t1,"9.A.49.1"
g158779.t1,"2.A.1.9"
g158780.t1,"2.A.1.9"
g158835.t1,"2.A.17.3"
g158869.t1,"1.A.11"
g158935.t1,"1.A.12.2.2,1.A.12.3.2"
g158936.t1,"1.A.12.2.2,1.A.12.3.2"
g158944.t1,"1.A.12.2.2,1.A.12.3.2"
g158946.t1,"3.D.1.6"
g159145.t1,"9.B.188.1.2"
g159160.t1,"3.A.3.2"
g159161.t1,"3.A.3.2"
g159162.t1,"3.A.3.2"
g159167.t1,"3.A.3.2"
g159168.t1,"3.A.3.2"
g159184.t1,"2.A.17.3"
g159207.t1,"2.A.64"
g159224.t1,"3.A.1.208,3.A.1.208.2,3.A.1.208.8"
g159236.t1,"9.A.49.1"
g159351.t1,"2.A.1.9"
g159352.t1,"2.A.1.9"
g159399.t1,"2.A.17.3"
g159433.t1,"1.A.11"
g159502.t1,"1.A.12.2.2,1.A.12.3.2"
g159503.t1,"1.A.12.2.2,1.A.12.3.2"
g159511.t1,"1.A.12.2.2,1.A.12.3.2"
g159516.t1,"3.D.1.6"
g159700.t1,"3.A.1.201"
g159764.t1,"3.A.1.201"
g159770.t1,"4.C.1.1"
g159821.t1,"3.A.1.201"
g159855.t1,"3.A.1.201"
g160033.t1,"1.I.1"
g160054.t1,"3.A.1.204"
g160065.t1,"2.A.7.12"
g160102.t1,"2.A.7.12"
g160105.t1,"2.A.7.12"
g160189.t1,"2.A.57.1"
g160220.t1,"3.A.20.1"
g160221.t1,"3.A.20.1"
g160267.t1,"1.A.1.7"
g160269.t1,"3.A.8.1"
g160394.t1,"1.A.1.5"
g160425.t1,"2.A.66.1"
g160426.t1,"2.A.66.1"
g160427.t1,"2.A.66.1"
g160428.t1,"2.A.66.1"
g160484.t1,"3.A.2.1"
g160488.t1,"2.A.66.1"
g160489.t1,"2.A.66.1"
g160490.t1,"3.A.5.4,3.A.5.8,3.A.5.9"
g160512.t1,"1.A.12.2.2,1.A.12.3.2"
g160514.t1,"1.A.12.2.2,1.A.12.3.2"
g160546.t1,"2.A.1.19.2,2.A.1.19.3,2.A.1.19.6"
g160590.t1,"9.A.45.1.2,9.A.45.1.4,9.A.45.1.6"
g160747.t1,"2.A.7.9"
g160856.t1,"2.A.1.1.25,2.A.1.1.62,2.A.1.1.63,2.A.1.1.66,2.A.1.8"
g160866.t1,"2.A.1.1.25,2.A.1.1.62,2.A.1.1.63,2.A.1.1.66,2.A.1.8"
g160889.t1,"3.A.1.201"
g160940.t1,"2.A.29.23"
g160941.t1,"2.A.29.23"
g161024.t1,"1.A.23.4"
g161026.t1,"1.A.23.4"
g161038.t1,"3.A.1.208,3.A.1.208.2,3.A.1.208.8"
g161284.t1,"3.A.1.201"
g161367.t1,"3.A.19.1,3.A.21.1,3.A.4.1"
g161375.t1,"1.A.101.1,3.A.20.1.1"
g161497.t1,"3.A.1.201"
g161694.t1,"2.A.17.3"
g161926.t1,"1.A.10.1.10,1.A.10.1.18,1.A.10.1.7"
g161946.t1,"2.A.1.4"
g162026.t1,"1.A.33"
g162115.t1,"3.A.1.208.2"
g162355.t1,"2.A.28"
g162357.t1,"2.A.28"
g162559.t1,"3.A.1.201"
g162755.t1,"3.A.1.201"
g162765.t1,"2.A.66.1"
g162939.t1,"2.A.55"
g163105.t1,"1.A.14.1.1,1.A.14.1.2,1.A.14.1.3,1.A.14.1.4"
g163240.t1,"3.A.1.208,3.A.1.208.2,3.A.1.208.8"
g163409.t1,"3.A.1.204"
g163567.t1,"3.A.1.204"
g163649.t1,"3.A.1.208,3.A.1.208.2,3.A.1.208.8"
g163660.t1,"3.A.1.201"
g163826.t1,"2.A.3.2"
g163829.t1,"2.A.3.2"
g163875.t1,"2.A.17.3"
g164389.t1,"3.A.1.201"
g164487.t1,"1.I.1"
g164694.t1,"1.A.33"
g164766.t1,"3.A.2.1"
g164894.t1,"3.A.1.201"
g164899.t1,"3.A.20.1,9.A.17.1"
g165397.t1,"3.A.2.1"
g165509.t1,"3.A.1.201"
g165513.t1,"3.A.20.1,9.A.17.1"
g165543.t1,"2.A.66.1"
g166060.t1,"2.A.17.3"
g166169.t1,"3.A.1.208,3.A.1.208.2,3.A.1.208.8"
g166418.t1,"2.A.29.23"
g166642.t1,"3.A.1.208,3.A.1.208.2,3.A.1.208.8"
g166714.t1,"3.A.2.1"
g167054.t1,"2.A.17.3"
g167158.t1,"3.A.1.208,3.A.1.208.2,3.A.1.208.8"
g167214.t1,"2.A.1.8"
g167226.t1,"2.A.1.8"
g167227.t1,"3.A.1.201"
g167408.t1,"2.A.29.23"
g167641.t1,"3.A.1.208,3.A.1.208.2,3.A.1.208.8"
g167713.t1,"3.A.2.1"
g168035.t1,"1.A.1.4"
g168166.t1,"1.A.1.23"
g168352.t1,"1.A.31.1.5"
g168356.t1,"3.A.1.208,3.A.1.208.2,3.A.1.208.8"
g168362.t1,"3.A.1.208"
g168460.t1,"2.A.49.3.3"
g168742.t1,"3.A.1.201"
g168782.t1,"9.B.188"
g168862.t1,"3.A.1.201"
g168867.t1,"3.A.1.208,3.A.1.208.2,3.A.1.208.8"
g168958.t1,"1.A.1.4"
g168997.t1,"1.I.1"
g168998.t1,"1.I.1"
g169187.t1,"2.A.53.1"
g169197.t1,"3.A.2.1"
g169207.t1,"3.A.1.201"
g169235.t1,"3.A.1.201"
g169301.t1,"3.A.1.201"
g169384.t1,"1.A.31.1.5"
g169403.t1,"2.A.72"
g169404.t1,"2.A.72"
g169407.t1,"2.A.72"
g169456.t1,"3.A.1.208,3.A.1.208.2,3.A.1.208.8"
g169492.t1,"1.A.33"
g169563.t1,"3.A.1.201"
g169774.t1,"9.A.40.3"
g169887.t1,"1.A.33.1"
g169958.t1,"2.A.1.1.46"
g170005.t1,"2.A.40.6"
g170052.t1,"3.A.1.201"
g170098.t1,"2.A.18.8"
g170346.t1,"3.A.1.201"
g170364.t1,"3.A.1.201"
g170479.t1,"3.A.1.208,3.A.1.208.2,3.A.1.208.8"
g170513.t1,"3.A.1.208,3.A.1.208.2,3.A.1.208.8"
g170543.t1,"3.A.1.208,3.A.1.208.2,3.A.1.208.8"
g170591.t1,"3.A.1.208,3.A.1.208.2,3.A.1.208.8"
g170920.t1,"2.A.66.1"
g170955.t1,"2.A.66.1"
g170981.t1,"3.D.1.6"
g171061.t1,"3.A.1.201"
g171256.t1,"3.A.2.2"
g171258.t1,"3.A.2.2"
g171266.t1,"3.A.2.2"
g171297.t1,"1.A.8"
g171301.t1,"1.A.8"
g171302.t1,"1.A.8"
g171303.t1,"1.A.8"
g171304.t1,"1.A.8"
g171375.t1,"2.A.18.1"
g171383.t1,"2.A.17.3"
g171433.t1,"1.A.10.1.10,1.A.10.1.18,1.A.10.1.7"
g171457.t1,"9.B.188.1.2"
g171500.t1,"1.A.8,1.A.8.11"
g171515.t1,"3.A.2.2"
g171525.t1,"1.A.23.4"
g171624.t1,"1.A.10.1.10,1.A.10.1.18,1.A.10.1.7"
g171639.t1,"4.D.3.1.9"
g171649.t1,"3.A.1.201"
g171702.t1,"3.D.1.6"
g171712.t1,"3.A.3.8"
g171794.t1,"2.A.17.3"
g171855.t1,"1.A.33"
g171924.t1,"3.A.3"
g171934.t1,"1.A.8,1.A.8.11"
g171949.t1,"3.A.2.2"
g171950.t1,"3.A.2.2"
g171958.t1,"1.A.23.4"
g171979.t1,"1.A.33.1"
g172076.t1,"1.A.10.1.10,1.A.10.1.18,1.A.10.1.7"
g172093.t1,"4.D.3.1.9"
g172125.t1,"2.A.47"
g172152.t1,"2.A.1.19.2,2.A.1.19.3,2.A.1.19.6"
g172153.t1,"3.D.1.6"
g172169.t1,"3.A.3.8"
g172292.t1,"2.A.100.1"
g172316.t1,"9.A.49.1"
g172333.t1,"1.A.11"
g172392.t1,"2.A.66.1"
g172442.t1,"2.A.18.1"
g172553.t1,"9.B.37.2"
g172563.t1,"3.A.8.1"
g172582.t1,"1.A.33.1"
g172716.t1,"9.B.25.1"
g172787.t1,"2.A.17.3"
g172809.t1,"1.A.33"
g172937.t1,"9.A.49.1"
g172952.t1,"2.A.29.7"
g172966.t1,"3.A.2.1"
g172988.t1,"1.A.56.1"
g172990.t1,"1.A.12.2.2,1.A.12.3.2"
g172991.t1,"2.A.17.3"
g172994.t1,"2.A.17.3"
g172995.t1,"2.A.17.3"
g172997.t1,"9.A.49.1.3"
g173015.t1,"2.A.1.1.46"
g173019.t1,"2.A.18.5"
g173020.t1,"9.B.37.2"
g173091.t1,"1.A.12.2.2,1.A.12.3.2"
g173127.t1,"1.A.8,1.A.8.11"
g173138.t1,"2.A.1.8"
g173140.t1,"3.A.16.1"
g173145.t1,"2.A.66.1"
g173180.t1,"1.A.8.10"
g173211.t1,"4.D.3.1.10"
g173356.t1,"3.A.2.2"
g173363.t1,"2.A.3.3.1,2.A.3.3.2"
g173390.t1,"2.A.66.1"
g173431.t1,"2.A.69.1"
g173504.t1,"2.A.66.1"
g173601.t1,"9.B.25.1"
g173672.t1,"2.A.17.3"
g173801.t1,"9.A.49.1"
g173816.t1,"2.A.29.7"
g173829.t1,"3.A.2.1"
g173853.t1,"1.A.56.1"
g173854.t1,"1.A.56.1"
g173856.t1,"1.A.12.2.2,1.A.12.3.2"
g173857.t1,"2.A.17.3"
g173858.t1,"2.A.17.3"
g173860.t1,"9.A.49.1.3"
g173881.t1,"2.A.18.5"
g173882.t1,"9.B.37.2"
g173953.t1,"1.A.12.2.2,1.A.12.3.2"
g173989.t1,"1.A.8,1.A.8.11"
g174009.t1,"2.A.1.8"
g174010.t1,"3.A.16.1"
g174015.t1,"2.A.66.1"
g174041.t1,"1.A.8.10"
g174065.t1,"4.D.3.1.10"
g174213.t1,"3.A.2.2"
g174220.t1,"2.A.3.3.1,2.A.3.3.2"
g174244.t1,"2.A.66.1"
g174283.t1,"2.A.69.1"
g174349.t1,"2.A.66.1"
g174381.t1,"1.B.33"
g174466.t1,"3.A.3.2"
g174467.t1,"1.B.33"
g174476.t1,"2.A.29.8"
g174489.t1,"2.A.5.5"
g174499.t1,"1.B.33"
g174595.t1,"3.A.3.2"
g174613.t1,"2.A.29.8"
g174626.t1,"2.A.5.5"
g174636.t1,"1.A.106.1"
g174640.t1,"2.A.1.1.46"
g174680.t1,"3.A.8.1"
g174715.t1,"1.A.8"
g174717.t1,"2.A.42.1.1"
g174729.t1,"2.A.69.1"
g174746.t1,"3.D.1.6"
g174841.t1,"2.A.66.1"
g174903.t1,"2.A.1.1.25,2.A.1.1.62,2.A.1.1.63,2.A.1.1.66,2.A.1.8"
g174914.t1,"2.A.47.1,2.A.47.2"
g174936.t1,"3.D.1.6"
g174951.t1,"2.A.105.1"
g174991.t1,"1.I.1"
g174995.t1,"1.I.1"
g175043.t1,"1.A.1.4"
g175046.t1,"3.D.1.6"
g175097.t1,"1.A.25.3"
g175100.t1,"1.A.25.3"
g175112.t1,"3.A.1.201"
g175114.t1,"3.A.1.201"
g175118.t1,"3.A.1.201"
g175120.t1,"3.A.1.201"
g175122.t1,"3.A.1.201"
g175124.t1,"3.A.1.201"
g175176.t1,"3.A.1.201"
g175198.t1,"1.A.12.2.1"
g175264.t1,"2.A.40.6"
g175271.t1,"1.A.23.4"
g175288.t1,"2.A.29.2.1,2.A.29.2.9"
g175300.t1,"2.A.66.1"
g175310.t1,"2.A.47"
g175367.t1,"9.A.19.1"
g175370.t1,"2.A.97.1"
g175401.t1,"2.A.7.12"
g175403.t1,"2.A.7.12"
g175421.t1,"9.B.37.2"
g175471.t1,"2.A.108.1"
g175477.t1,"3.A.1.201"
g175552.t1,"4.D.3.1.10"
g175593.t1,"3.A.1.201"
g175656.t1,"2.A.29.7"
g175663.t1,"3.D.4.4"
g175736.t1,"2.A.3.2,2.A.3.3.1,2.A.3.3.5"
g175815.t1,"1.I.1"
g175912.t1,"3.D.1.6"
g175913.t1,"3.D.1.6"
g175935.t1,"4.D.3.1.4,4.D.3.1.7"
g175994.t1,"1.A.12.2.1"
g176060.t1,"2.A.40.6"
g176067.t1,"1.A.23.4"
g176083.t1,"2.A.29.2.1,2.A.29.2.9"
g176096.t1,"2.A.66.1"
g176107.t1,"2.A.47"
g176167.t1,"9.A.19.1"
g176170.t1,"2.A.97.1"
g176195.t1,"2.A.7.12"
g176197.t1,"2.A.7.12"
g176215.t1,"9.B.37.2"
g176265.t1,"2.A.108.1"
g176271.t1,"3.A.1.201"
g176351.t1,"4.D.3.1.10"
g176467.t1,"3.A.1.201"
g176511.t1,"3.A.1.201"
g176533.t1,"2.A.29.7"
g176539.t1,"3.D.4.4"
g176595.t1,"2.A.3.2,2.A.3.3.1,2.A.3.3.5"
g176717.t1,"1.I.1"
g176718.t1,"1.I.1"
g176824.t1,"3.D.1.6"
g176825.t1,"3.D.1.6"
g176847.t1,"4.D.3.1.4,4.D.3.1.7"
g176984.t1,"3.A.1.201"
g176997.t1,"3.D.1.6"
g177005.t1,"3.A.5.1,3.A.5.10,3.A.5.2,3.A.5.4"
g177006.t1,"3.A.5.1,3.A.5.10,3.A.5.2,3.A.5.4"
g177008.t1,"3.A.5.1,3.A.5.10,3.A.5.2,3.A.5.4"
g177009.t1,"3.A.5.1,3.A.5.10,3.A.5.2,3.A.5.4"
g177010.t1,"3.A.5.1,3.A.5.10,3.A.5.2,3.A.5.4"
g177028.t1,"2.A.55.2.1,2.A.55.2.2"
g177102.t1,"2.A.2.4,2.A.2.6"
g177110.t1,"2.A.66.1"
g177225.t1,"2.A.18.1"
g177247.t1,"3.A.2.1"
g177282.t1,"1.A.43.1,1.A.43.2,1.A.43.3"
g177304.t1,"3.A.1.208"
g177307.t1,"2.A.9"
g177311.t1,"2.A.9"
g177344.t1,"9.B.188"
g177399.t1,"4.C.1.1"
g177443.t1,"3.A.2.1"
g177444.t1,"2.A.9"
g177445.t1,"2.A.9"
g177449.t1,"2.A.9"
g177572.t1,"1.A.33.1"
g177582.t1,"2.A.66.1"
g177598.t1,"3.A.1.201"
g177853.t1,"2.A.49.3.3"
g177883.t1,"2.A.66.1"
g178126.t1,"3.A.1.208,3.A.1.208.2,3.A.1.208.8"
g178250.t1,"3.A.1.201"
g178484.t1,"1.A.1.4"
g178496.t1,"3.A.2.1"
g179074.t1,"1.I.1"
g179076.t1,"1.I.1"
g179282.t1,"3.A.1.201"
g179345.t1,"3.A.1.201"
g179354.t1,"3.A.1.201"
g179702.t1,"3.A.1.201"
g179873.t1,"1.I.1"
g179876.t1,"1.I.1"
g179877.t1,"1.I.1"
g179926.t1,"3.A.1.208,3.A.1.208.2,3.A.1.208.8"
g179994.t1,"3.A.1.208,3.A.1.208.2,3.A.1.208.8"
g180841.t1,"2.A.66.1"
g180891.t1,"3.A.1.201"
g181222.t1,"3.A.1.201"
g181363.t1,"3.A.1.208,3.A.1.208.2,3.A.1.208.8"
g182111.t1,"3.A.8.1"
g182337.t1,"2.A.17.3"
g182472.t1,"3.A.2.1"
g182750.t1,"3.A.8.1"
g182862.t1,"2.A.17.3"
g182888.t1,"3.A.1.201"
g182907.t1,"2.A.17.3"
g182915.t1,"3.D.1.6"
g182919.t1,"3.D.1.6"
g182920.t1,"3.D.1.6"
g183605.t1,"3.D.4.6"
g183868.t1,"2.A.17.3"
g184234.t1,"3.A.1.201"
g184379.t1,"3.A.1.201"
g184387.t1,"3.A.1.201"
g184390.t1,"3.A.1.201"
g184395.t1,"2.A.3.2"
g184964.t1,"2.A.1.4"
g185083.t1,"1.A.23.4"
g185129.t1,"3.A.1.201"
g185132.t1,"3.A.1.201"
g185138.t1,"2.A.3.2"
g185222.t1,"1.A.10.1.10,1.A.10.1.18,1.A.10.1.7"
g185366.t1,"3.A.1.201"
g185383.t1,"3.A.1.201"
g185496.t1,"3.A.1.201"
g185642.t1,"3.A.1.201"
g185679.t1,"2.A.5.5"
g185681.t1,"2.A.5.5"
g185697.t1,"1.B.33"
g185699.t1,"3.A.3.5"
g185702.t1,"3.A.3.5"
g185703.t1,"3.A.3.5"
g185704.t1,"2.A.29.1"
g185780.t1,"3.A.5.9"
g185859.t1,"3.A.1.201"
g186041.t1,"2.A.5.5"
g186042.t1,"2.A.5.5"
g186055.t1,"1.B.33"
g186056.t1,"1.B.33"
g186058.t1,"3.A.3.5"
g186059.t1,"3.A.3.5"
g186060.t1,"3.A.3.5"
g186061.t1,"2.A.29.1"
g186158.t1,"3.A.5.9"
g186283.t1,"9.A.58.1"
g186309.t1,"2.A.7.13"
g186312.t1,"2.A.7.13"
g186317.t1,"3.A.2.1"
g186335.t1,"3.A.1.208,3.A.1.208.2,3.A.1.208.8"
g186395.t1,"3.A.1.201"
g186544.t1,"2.A.64"
g186677.t1,"2.A.7.13"
g186679.t1,"1.A.33"
g186881.t1,"3.A.1.201"
g186896.t1,"1.A.15.1,1.A.15.2"
g186900.t1,"3.A.1.208.2"
g186905.t1,"3.A.1.208.2"
g186906.t1,"3.A.1.208.2"
g186910.t1,"3.A.1.208.2"
g187006.t1,"1.A.33.1"
g187011.t1,"1.A.33.1"
g187012.t1,"1.A.33.1"
g187016.t1,"2.A.9"
g187051.t1,"3.A.5.8"
g187119.t1,"1.A.35.5"
g187137.t1,"4.D.3.1.10"
g187149.t1,"2.A.40.6"
g187217.t1,"3.A.1.201"
g187218.t1,"3.A.1.201"
g187238.t1,"3.A.1.201"
g187239.t1,"3.A.1.201"
g187319.t1,"3.A.8.1"
g187381.t1,"1.A.1.5"
g187397.t1,"1.A.8,1.A.8.11"
g187405.t1,"3.A.19.1,3.A.21.1,3.A.4.1"
g187424.t1,"2.A.1.8"
g187430.t1,"2.A.1.8"
g187431.t1,"2.A.1.8"
g187432.t1,"3.A.16.1"
g187500.t1,"3.D.1.6"
g187503.t1,"3.D.1.6"
g187704.t1,"2.A.42.1.1"
g187738.t1,"3.A.2.1"
g187794.t1,"3.A.2.2"
g187798.t1,"2.A.17.3"
g187799.t1,"2.A.17.3"
g187800.t1,"2.A.17.3"
g187863.t1,"5.B.1.2"
g187874.t1,"3.A.3.2"
g187888.t1,"3.D.1.6"
g187908.t1,"2.A.7.11.2,2.A.7.11.3"
g187954.t1,"1.I.1"
g187961.t1,"3.D.1.6"
g188012.t1,"2.A.1.14"
g188097.t1,"3.A.5.9"
g188119.t1,"2.A.29.16,2.A.29.28"
g188177.t1,"2.A.1.1.25,2.A.1.1.62,2.A.1.1.63,2.A.1.1.66,2.A.1.8"
g188199.t1,"3.A.1.201"
g188202.t1,"3.A.1.201"
g188302.t1,"1.A.12.2.2,1.A.12.3.2"
g188336.t1,"3.A.1.201"
g188385.t1,"2.A.97.1"
g188388.t1,"2.A.97.1"
g188423.t1,"2.A.72"
g188443.t1,"2.A.3.2"
g188446.t1,"2.A.7.15"
g188479.t1,"2.A.29"
g188502.t1,"2.A.17.3"
g188553.t1,"1.A.23.4"
g188581.t1,"2.A.17.3"
g188586.t1,"2.A.1.1.46"
g188655.t1,"3.A.1.201"
g188718.t1,"2.A.18.8"
g188787.t1,"3.D.4.11,3.D.4.8"
g188832.t1,"1.A.8.12"
g188852.t1,"2.A.53.1"
g188854.t1,"2.A.53.1"
g188899.t1,"3.A.2.1"
g188923.t1,"2.A.29.18"
g188941.t1,"4.D.3.1.4,4.D.3.1.7"
g188993.t1,"3.A.2.2"
g189006.t1,"1.A.12.2.2,1.A.12.3.2"
g189014.t1,"1.A.8,1.A.8.11"
g189030.t1,"3.A.2.2"
g189032.t1,"3.A.2.2"
g189038.t1,"1.A.14.1.1,1.A.14.1.2,1.A.14.1.3,1.A.14.1.4"
g189076.t1,"9.A.58.1"
g189087.t1,"3.A.2.2"
g189092.t1,"3.A.2.1"
g189093.t1,"2.A.19"
g189094.t1,"2.A.19"
g189150.t1,"1.I.1"
g189184.t1,"3.A.1.201"
g189205.t1,"3.A.8.1"
g189242.t1,"3.A.1.201,3.A.2.1"
g189245.t1,"3.A.1.201,3.A.2.1"
g189246.t1,"3.A.1.201,3.A.2.1"
g189337.t1,"3.A.3.8"
g189354.t1,"3.A.1.208,3.A.1.208.2"
g189385.t1,"3.A.1.201"
g189436.t1,"3.A.3.8"
g189449.t1,"3.A.1.208,3.A.1.208.2"
g189547.t1,"1.A.1.4"
g189633.t1,"1.A.8.10"
g189644.t1,"2.A.17.3"
g189676.t1,"1.A.33"
g189677.t1,"1.A.33"
g189701.t1,"2.A.53.1"
g189754.t1,"3.D.4.11,3.D.4.8"
g189784.t1,"3.A.5.1,3.A.5.2,3.A.5.7,3.A.5.8,3.A.5.9"
g189807.t1,"1.A.33.1"
g189844.t1,"2.A.47"
g189926.t1,"2.A.17.3"
g189928.t1,"2.A.17.3"
g189929.t1,"2.A.17.3"
g189931.t1,"2.A.17.3"
g189932.t1,"2.A.17.3"
g189933.t1,"2.A.17.3"
g189936.t1,"2.A.17.3"
g190086.t1,"3.A.20.1,9.A.17.1"
g190095.t1,"3.A.20.1,9.A.17.1"
g190250.t1,"3.A.1.201"
g190299.t1,"3.A.1.201"
g190306.t1,"3.D.1.6"
g190412.t1,"1.A.1.4"
g190646.t1,"1.A.1.4"
g190759.t1,"3.A.1.201"
g190933.t1,"2.A.66.1"
g190942.t1,"3.A.1.201"
g190972.t1,"3.A.1.208,3.A.1.208.2"
g191406.t1,"3.A.1.201"
g191448.t1,"3.A.1.201"
g191455.t1,"3.A.1.201"
g191463.t1,"3.D.1.6"
g191568.t1,"1.A.1.4"
g191601.t1,"1.A.1.4"
g191623.t1,"1.A.1.4"
g191665.t1,"1.A.1.4"
g191724.t1,"3.A.1.208,3.A.1.208.2,3.A.1.208.8"
g191725.t1,"3.A.1.208,3.A.1.208.2,3.A.1.208.8"
g191834.t1,"3.A.1.201"
g192094.t1,"3.A.2.1"
g193265.t1,"3.A.1.201"
g193266.t1,"3.A.1.201"
g193292.t1,"3.A.1.201"
g193539.t1,"3.A.1.201"
g194026.t1,"3.A.1.208"
g194415.t1,"3.A.1.208,3.A.1.208.2,3.A.1.208.8"
g194416.t1,"3.A.1.208,3.A.1.208.2,3.A.1.208.8"
g194421.t1,"3.A.1.208,3.A.1.208.2,3.A.1.208.8"
g194423.t1,"3.A.1.208,3.A.1.208.2,3.A.1.208.8"
g194425.t1,"3.A.1.208,3.A.1.208.2,3.A.1.208.8"
g194550.t1,"3.A.1.201"
g195021.t1,"1.A.8"
g195353.t1,"1.A.8"
g195698.t1,"3.A.1.201"
g195851.t1,"3.A.1.201"
g195918.t1,"2.A.29.23"
g196162.t1,"3.A.1.201"
g196199.t1,"3.A.2.2"
g196248.t1,"3.A.1.201"
g196253.t1,"3.A.1.201"
g196341.t1,"1.A.12.2.2,1.A.12.3.2"
g196345.t1,"1.A.12.2.2,1.A.12.3.2"
g196373.t1,"2.A.66.1"
g196420.t1,"1.A.12.2.2,1.A.12.3.2"
g196523.t1,"3.A.1.208,3.A.1.208.2,3.A.1.208.8"
g196884.t1,"9.A.40.3"
g197285.t1,"3.A.1.201,3.A.1.209"
g197287.t1,"3.A.1.201,3.A.1.209"
g197288.t1,"3.A.1.201,3.A.1.209"
g197291.t1,"3.A.1.201,3.A.1.209"
g198094.t1,"1.I.1"
g198098.t1,"1.I.1"
g198101.t1,"3.A.3.8"
g198242.t1,"3.A.1.201"
g198280.t1,"3.A.2.2"
g198326.t1,"3.A.1.201"
g198405.t1,"1.A.12.2.2,1.A.12.3.2"
g198408.t1,"1.A.12.2.2,1.A.12.3.2"
g198793.t1,"9.A.40.3"
g198865.t1,"1.A.1.4"
g198916.t1,"3.D.1.6"
g198929.t1,"3.D.1.6"
g198930.t1,"3.D.1.6"
g198937.t1,"3.A.2.1"
g198952.t1,"1.A.33"
g199094.t1,"1.A.12.2.2,1.A.12.3.2"
g199673.t1,"3.A.1.201"
g199680.t1,"2.A.5.1,2.A.5.3,2.A.5.6"
g199740.t1,"2.A.66.1"
g199746.t1,"2.A.66.1"
g199750.t1,"2.A.66.1"
g199784.t1,"3.A.1.201"
g199917.t1,"3.A.8.1"
g199937.t1,"2.A.40.6"
g200181.t1,"3.A.1.208,3.A.1.208.2,3.A.1.208.8"
g201057.t1,"1.I.1"
g201058.t1,"1.I.1"
g201065.t1,"1.I.1"
g201182.t1,"3.A.1.201,3.A.1.209"
g201292.t1,"3.A.1.201"
g201315.t1,"2.A.66.1"
g201316.t1,"2.A.66.1"
g201317.t1,"3.A.2.1"
g201399.t1,"1.A.33"
g201482.t1,"2.A.72"
g201646.t1,"2.A.1.19.2,2.A.1.19.3,2.A.1.19.6"
g201756.t1,"3.D.1.6"
g201858.t1,"9.B.188.1.2"
g202008.t1,"3.A.1.201"
g202019.t1,"3.A.1.201"
g202145.t1,"1.A.1.5"
g202146.t1,"2.A.28"
g202259.t1,"2.A.72"
g202260.t1,"2.A.72"
g202310.t1,"2.A.66.1"
g202347.t1,"2.A.17.3"
g202354.t1,"9.B.188.1.2"
g202356.t1,"9.B.188.1.2"
g202420.t1,"2.A.66.1"
g202446.t1,"1.I.1"
g202451.t1,"1.I.1"
g202609.t1,"1.A.1.4"
g202620.t1,"2.A.53.1"
g202621.t1,"2.A.53.1"
g202651.t1,"2.A.17.3,2.A.17.4.1,2.A.17.4.2"
g202720.t1,"3.A.2.1"
g202731.t1,"2.A.29.12.1,2.A.29.12.2"
g202757.t1,"4.C.1.1"
g202776.t1,"3.A.1.201"
g202826.t1,"2.A.1.19.2,2.A.1.19.3,2.A.1.19.6"
g202938.t1,"3.D.1.6"
g202982.t1,"3.A.1.201"
g202989.t1,"1.F.1.1"
g203036.t1,"9.B.188.1.2"
g203292.t1,"3.A.2.1"
g203359.t1,"3.A.1.201"
g203504.t1,"1.A.1.5"
g203505.t1,"2.A.28"
g203662.t1,"2.A.72"
g203663.t1,"2.A.72"
g203711.t1,"2.A.66.1"
g203748.t1,"2.A.17.3"
g203751.t1,"9.B.188.1.2"
g203752.t1,"9.B.188.1.2"
g203785.t1,"1.A.56.1"
g203812.t1,"2.A.66.1"
g203836.t1,"1.I.1"
g203841.t1,"1.I.1"
g204026.t1,"1.A.1.4"
g204037.t1,"2.A.53.1"
g204038.t1,"2.A.53.1"
g204074.t1,"2.A.17.3,2.A.17.4.1,2.A.17.4.2"
g204162.t1,"3.A.2.1"
g204173.t1,"2.A.29.12.1,2.A.29.12.2"
g204200.t1,"4.C.1.1"
g204221.t1,"3.A.1.201"
g204296.t1,"3.A.1.201"
g204315.t1,"2.A.1.1.46"
g204326.t1,"2.A.1.1.46"
g204327.t1,"3.A.1.201"
g204335.t1,"3.A.1.201"
g204351.t1,"2.A.1.1.46"
g204364.t1,"3.A.2.2"
g204373.t1,"3.A.5.8"
g204375.t1,"1.A.1.4,1.A.1.5"
g204394.t1,"1.A.25.3"
g204425.t1,"3.A.3.3"
g204433.t1,"2.A.1.4"
g204495.t1,"3.A.2.1"
g204508.t1,"2.A.7"
g204510.t1,"2.A.7"
g204515.t1,"2.A.7"
g204522.t1,"2.A.7"
g204524.t1,"2.A.7"
g204538.t1,"2.A.19"
g204552.t1,"1.A.12.2.2,1.A.12.3.2"
g204553.t1,"1.A.12.2.2,1.A.12.3.2"
g204557.t1,"2.A.3.2,2.A.3.3"
g204591.t1,"3.A.1.204"
g204593.t1,"3.A.1.204"
