reaction_id	gpr
R_rxn00001_c0	g100811.t1 or g102580.t1 or g105402.t1 or g110766.t1 or g121438.t1 or g138698.t1 or g138979.t1 or g169731.t1 or g204358.t1 or g23213.t1 or g23892.t1 or g47240.t1 or g62836.t1 or g66084.t1 or g66527.t1 or g67721.t1 or g79706.t1 or g83433.t1
R_rxn00001_d0	g100811.t1 or g102580.t1 or g105402.t1 or g110766.t1 or g121438.t1 or g138698.t1 or g138979.t1 or g169731.t1 or g204358.t1 or g23213.t1 or g23892.t1 or g47240.t1 or g62836.t1 or g66084.t1 or g66527.t1 or g67721.t1 or g79706.t1 or g83433.t1
R_rxn00001_g0	g100811.t1 or g102580.t1 or g105402.t1 or g110766.t1 or g121438.t1 or g138698.t1 or g138979.t1 or g169731.t1 or g204358.t1 or g23213.t1 or g23892.t1 or g47240.t1 or g62836.t1 or g66084.t1 or g66527.t1 or g67721.t1 or g79706.t1 or g83433.t1
R_rxn00001_v0	g100811.t1 or g102580.t1 or g105402.t1 or g110766.t1 or g121438.t1 or g138698.t1 or g138979.t1 or g169731.t1 or g204358.t1 or g23213.t1 or g23892.t1 or g47240.t1 or g62836.t1 or g66084.t1 or g66527.t1 or g67721.t1 or g79706.t1 or g83433.t1
R_rxn00001_w0	g100811.t1 or g102580.t1 or g105402.t1 or g110766.t1 or g121438.t1 or g138698.t1 or g138979.t1 or g169731.t1 or g204358.t1 or g23213.t1 or g23892.t1 or g47240.t1 or g62836.t1 or g66084.t1 or g66527.t1 or g67721.t1 or g79706.t1 or g83433.t1
R_rxn00006_c0	g188526.t1 or g33008.t1 or g69086.t1 or g69088.t1
R_rxn00006_x0	g188526.t1 or g33008.t1 or g69086.t1 or g69088.t1
R_rxn00018_d0	g103683.t1 or g106415.t1 or g139171.t1 or g196785.t1 or g197803.t1 or g197805.t1 or g30702.t1 or g33351.t1 or g33353.t1 or g33354.t1 or g35173.t1 or g49796.t1 or g80289.t1 or g84008.t1
R_rxn00018_x0	g103683.t1 or g106415.t1 or g139171.t1 or g196785.t1 or g197803.t1 or g197805.t1 or g30702.t1 or g33351.t1 or g33353.t1 or g33354.t1 or g35173.t1 or g49796.t1 or g80289.t1 or g84008.t1
R_rxn00048_d0	g117276.t1 or g118420.t1
R_rxn00069_d0	g45103.t1 or g46081.t1
R_rxn00076_c0	g101600.t1 or g114854.t1 or g114855.t1
R_rxn00076_d0	g101600.t1 or g114854.t1 or g114855.t1
R_rxn00077_c0	g1562.t1 or g176998.t1 or g634.t1 or g98596.t1 or g99696.t1
R_rxn00077_d0	g1562.t1 or g176998.t1 or g634.t1 or g98596.t1 or g99696.t1
R_rxn00078_c0	
R_rxn00078_x0	
R_rxn00083_c0	
R_rxn00086_c0	g157074.t1 or g157715.t1 or g159086.t1 or g159639.t1
R_rxn00086_d0	g157074.t1 or g157715.t1 or g159086.t1 or g159639.t1
R_rxn00086_m0	g157074.t1 or g157715.t1 or g159086.t1 or g159639.t1
R_rxn00088_c0	g101276.t1 or g44686.t1 or g48620.t1 or g48621.t1
R_rxn00097_c0	g100272.t1 or g101591.t1 or g101621.t1 or g124394.t1 or g127169.t1 or g133492.t1 or g139516.t1 or g140825.t1 or g141227.t1 or g170748.t1 or g177655.t1 or g187732.t1 or g204426.t1 or g34294.t1 or g34430.t1 or g62468.t1 or g62471.t1 or g65299.t1 or g66916.t1 or g71632.t1 or g74700.t1 or g99138.t1
R_rxn00097_d0	g100272.t1 or g101591.t1 or g101621.t1 or g124394.t1 or g127169.t1 or g133492.t1 or g139516.t1 or g140825.t1 or g141227.t1 or g170748.t1 or g177655.t1 or g187732.t1 or g204426.t1 or g34294.t1 or g34430.t1 or g62468.t1 or g62471.t1 or g65299.t1 or g66916.t1 or g71632.t1 or g74700.t1 or g99138.t1
R_rxn00097_m0	g100272.t1 or g101591.t1 or g101621.t1 or g124394.t1 or g127169.t1 or g133492.t1 or g139516.t1 or g140825.t1 or g141227.t1 or g170748.t1 or g177655.t1 or g187732.t1 or g204426.t1 or g34294.t1 or g34430.t1 or g62468.t1 or g62471.t1 or g65299.t1 or g66916.t1 or g71632.t1 or g74700.t1 or g99138.t1
R_rxn00097_n0	g100272.t1 or g101591.t1 or g101621.t1 or g124394.t1 or g127169.t1 or g133492.t1 or g139516.t1 or g140825.t1 or g141227.t1 or g170748.t1 or g177655.t1 or g187732.t1 or g204426.t1 or g34294.t1 or g34430.t1 or g62468.t1 or g62471.t1 or g65299.t1 or g66916.t1 or g71632.t1 or g74700.t1 or g99138.t1
R_rxn00100_c0	g177172.t1 or g177178.t1 or g177179.t1 or g177183.t1
R_rxn00100_x0	g177172.t1 or g177178.t1 or g177179.t1 or g177183.t1
R_rxn00101_c0	g71631.t1 or g74699.t1
R_rxn00102_c0	g101253.t1 or g101599.t1 or g138914.t1 or g139056.t1 or g139319.t1 or g173179.t1 or g174038.t1 or g174040.t1 or g174469.t1 or g174597.t1 or g187375.t1 or g187376.t1 or g31334.t1 or g34177.t1 or g70818.t1
R_rxn00102_d0	g101253.t1 or g101599.t1 or g138914.t1 or g139056.t1 or g139319.t1 or g173179.t1 or g174038.t1 or g174040.t1 or g174469.t1 or g174597.t1 or g187375.t1 or g187376.t1 or g31334.t1 or g34177.t1 or g70818.t1
R_rxn00105_c0	g119524.t1
R_rxn00116_c0	g121982.t1 or g124956.t1 or g124957.t1 or g188241.t1 or g188242.t1 or g188424.t1 or g28028.t1 or g28034.t1 or g29776.t1 or g29778.t1 or g29792.t1 or g29797.t1 or g69800.t1 or g70274.t1 or g86395.t1
R_rxn00116_g0	g121982.t1 or g124956.t1 or g124957.t1 or g188241.t1 or g188242.t1 or g188424.t1 or g28028.t1 or g28034.t1 or g29776.t1 or g29778.t1 or g29792.t1 or g29797.t1 or g69800.t1 or g70274.t1 or g86395.t1
R_rxn00117_c0	g101217.t1 or g121344.t1 or g138591.t1 or g155032.t1 or g189051.t1 or g189053.t1 or g22001.t1 or g46367.t1
R_rxn00117_d0	g101217.t1 or g121344.t1 or g138591.t1 or g155032.t1 or g189051.t1 or g189053.t1 or g22001.t1 or g46367.t1
R_rxn00117_m0	g101217.t1 or g121344.t1 or g138591.t1 or g155032.t1 or g189051.t1 or g189053.t1 or g22001.t1 or g46367.t1
R_rxn00117_n0	g101217.t1 or g121344.t1 or g138591.t1 or g155032.t1 or g189051.t1 or g189053.t1 or g22001.t1 or g46367.t1
R_rxn00117_x0	g101217.t1 or g121344.t1 or g138591.t1 or g155032.t1 or g189051.t1 or g189053.t1 or g22001.t1 or g46367.t1
R_rxn00119_c0	g137779.t1 or g42509.t1 or g43825.t1 or g44342.t1 or g45389.t1
R_rxn00120_c0	g121982.t1 or g124956.t1 or g124957.t1 or g188241.t1 or g188242.t1 or g188424.t1 or g28028.t1 or g28034.t1 or g29776.t1 or g29778.t1 or g29792.t1 or g29797.t1 or g69800.t1 or g70274.t1 or g86395.t1
R_rxn00120_g0	g121982.t1 or g124956.t1 or g124957.t1 or g188241.t1 or g188242.t1 or g188424.t1 or g28028.t1 or g28034.t1 or g29776.t1 or g29778.t1 or g29792.t1 or g29797.t1 or g69800.t1 or g70274.t1 or g86395.t1
R_rxn00121_c0	g114854.t1 or g114855.t1 or g41736.t1 or g41739.t1
R_rxn00121_d0	g114854.t1 or g114855.t1 or g41736.t1 or g41739.t1
R_rxn00122_c0	g139332.t1 or g139333.t1 or g173158.t1 or g174028.t1
R_rxn00122_d0	g139332.t1 or g139333.t1 or g173158.t1 or g174028.t1
R_rxn00123_c0	g100666.t1 or g100668.t1 or g100669.t1 or g100670.t1 or g114227.t1 or g47708.t1 or g47709.t1 or g47711.t1 or g47712.t1 or g9479.t1
R_rxn00124_c0	g33454.t1 or g65371.t1 or g66960.t1
R_rxn00124_d0	g33454.t1 or g65371.t1 or g66960.t1
R_rxn00126_c0	g115646.t1 or g139336.t1 or g173157.t1 or g174027.t1 or g188182.t1 or g23297.t1
R_rxn00126_n0	g115646.t1 or g139336.t1 or g173157.t1 or g174027.t1 or g188182.t1 or g23297.t1
R_rxn00128_c0	g112072.t1 or g113964.t1 or g120489.t1 or g121306.t1 or g138471.t1 or g138472.t1 or g189019.t1 or g202721.t1 or g204163.t1 or g22501.t1 or g30795.t1 or g30796.t1 or g33531.t1 or g35388.t1 or g36678.t1 or g66775.t1 or g68438.t1 or g85793.t1 or g85802.t1 or g85806.t1 or g85808.t1
R_rxn00134_c0	g139381.t1 or g144710.t1 or g150752.t1 or g172683.t1 or g173568.t1 or g177794.t1 or g178784.t1
R_rxn00138_c0	g138647.t1
R_rxn00139_c0	g115948.t1 or g138094.t1 or g66135.t1 or g66848.t1 or g67772.t1 or g68519.t1
R_rxn00141_c0	g159756.t1 or g159757.t1 or g188247.t1
R_rxn00148_c0	g11121.t1 or g13696.t1 or g137761.t1 or g139239.t1 or g158606.t1 or g159188.t1 or g173197.t1 or g174057.t1 or g175538.t1 or g176334.t1 or g176348.t1 or g176349.t1 or g23945.t1 or g45167.t1 or g46139.t1 or g48745.t1 or g97840.t1
R_rxn00148_d0	g11121.t1 or g13696.t1 or g137761.t1 or g139239.t1 or g158606.t1 or g159188.t1 or g173197.t1 or g174057.t1 or g175538.t1 or g176334.t1 or g176348.t1 or g176349.t1 or g23945.t1 or g45167.t1 or g46139.t1 or g48745.t1 or g97840.t1
R_rxn00151_d0	g20838.t1
R_rxn00154_d0	g101290.t1 or g102470.t1 or g105299.t1 or g116103.t1 or g122507.t1 or g125413.t1 or g175534.t1 or g176330.t1 or g177069.t1 or g177071.t1 or g204256.t1 or g23210.t1 or g44755.t1 or g47945.t1 or g48712.t1 or g69521.t1 or g70565.t1 or g72334.t1 or g86471.t1 or g86473.t1 or g86499.t1
R_rxn00154_m0	g101290.t1 or g102470.t1 or g105299.t1 or g116103.t1 or g122507.t1 or g125413.t1 or g175534.t1 or g176330.t1 or g177069.t1 or g177071.t1 or g204256.t1 or g23210.t1 or g44755.t1 or g47945.t1 or g48712.t1 or g69521.t1 or g70565.t1 or g72334.t1 or g86471.t1 or g86473.t1 or g86499.t1
R_rxn00154_n0	g101290.t1 or g102470.t1 or g105299.t1 or g116103.t1 or g122507.t1 or g125413.t1 or g175534.t1 or g176330.t1 or g177069.t1 or g177071.t1 or g204256.t1 or g23210.t1 or g44755.t1 or g47945.t1 or g48712.t1 or g69521.t1 or g70565.t1 or g72334.t1 or g86471.t1 or g86473.t1 or g86499.t1
R_rxn00159_m0	g121483.t1 or g22380.t1
R_rxn00161_c0	g121483.t1 or g134164.t1 or g136173.t1 or g169945.t1 or g189536.t1 or g202685.t1 or g204129.t1 or g73733.t1 or g76783.t1 or g85815.t1
R_rxn00161_d0	g121483.t1 or g134164.t1 or g136173.t1 or g169945.t1 or g189536.t1 or g202685.t1 or g204129.t1 or g73733.t1 or g76783.t1 or g85815.t1
R_rxn00166_c0	
R_rxn00168_c0	g101844.t1 or g140216.t1 or g140219.t1 or g172344.t1 or g172346.t1 or g32237.t1
R_rxn00175_d0	g103650.t1 or g106383.t1 or g34404.t1
R_rxn00178_c0	g116411.t1 or g49872.t1 or g80891.t1 or g84631.t1
R_rxn00178_x0	g116411.t1 or g49872.t1 or g80891.t1 or g84631.t1
R_rxn00179_c0	g130987.t1 or g130995.t1 or g132086.t1 or g132092.t1 or g90380.t1 or g90381.t1 or g91164.t1 or g91165.t1
R_rxn00179_d0	g130987.t1 or g130995.t1 or g132086.t1 or g132092.t1 or g90380.t1 or g90381.t1 or g91164.t1 or g91165.t1
R_rxn00184_c0	g174711.t1 or g21340.t1 or g43329.t1 or g86350.t1 or g96824.t1 or g97365.t1
R_rxn00187_c0	g12321.t1 or g12323.t1 or g142091.t1 or g142095.t1 or g142098.t1 or g142116.t1 or g14741.t1 or g14742.t1 or g14748.t1 or g14750.t1 or g157347.t1 or g157357.t1 or g157364.t1 or g170355.t1 or g173183.t1 or g173185.t1 or g173227.t1 or g174044.t1 or g174045.t1 or g174082.t1 or g175063.t1 or g189975.t1 or g200306.t1 or g20874.t1 or g49570.t1 or g73707.t1 or g76757.t1 or g80794.t1 or g86169.t1 or g89003.t1 or g89007.t1 or g90201.t1 or g91941.t1 or g95271.t1 or g95989.t1
R_rxn00187_d0	g12321.t1 or g12323.t1 or g142091.t1 or g142095.t1 or g142098.t1 or g142116.t1 or g14741.t1 or g14742.t1 or g14748.t1 or g14750.t1 or g157347.t1 or g157357.t1 or g157364.t1 or g170355.t1 or g173183.t1 or g173185.t1 or g173227.t1 or g174044.t1 or g174045.t1 or g174082.t1 or g175063.t1 or g189975.t1 or g200306.t1 or g20874.t1 or g49570.t1 or g73707.t1 or g76757.t1 or g80794.t1 or g86169.t1 or g89003.t1 or g89007.t1 or g90201.t1 or g91941.t1 or g95271.t1 or g95989.t1
R_rxn00187_m0	g12321.t1 or g12323.t1 or g142091.t1 or g142095.t1 or g142098.t1 or g142116.t1 or g14741.t1 or g14742.t1 or g14748.t1 or g14750.t1 or g157347.t1 or g157357.t1 or g157364.t1 or g170355.t1 or g173183.t1 or g173185.t1 or g173227.t1 or g174044.t1 or g174045.t1 or g174082.t1 or g175063.t1 or g189975.t1 or g200306.t1 or g20874.t1 or g49570.t1 or g73707.t1 or g76757.t1 or g80794.t1 or g86169.t1 or g89003.t1 or g89007.t1 or g90201.t1 or g91941.t1 or g95271.t1 or g95989.t1
R_rxn00189_c0	g101624.t1 or g202743.t1 or g204184.t1 or g47022.t1 or g63594.t1 or g63596.t1 or g64615.t1 or g64617.t1 or g87576.t1
R_rxn00191_c0	g100603.t1 or g1246.t1 or g462.t1 or g47850.t1 or g47851.t1 or g71135.t1
R_rxn00191_d0	g100603.t1 or g1246.t1 or g462.t1 or g47850.t1 or g47851.t1 or g71135.t1
R_rxn00191_m0	g100603.t1 or g1246.t1 or g462.t1 or g47850.t1 or g47851.t1 or g71135.t1
R_rxn00191_x0	g100603.t1 or g1246.t1 or g462.t1 or g47850.t1 or g47851.t1 or g71135.t1
R_rxn00192_d0	g138975.t1 or g33563.t1 or g35441.t1 or g36731.t1
R_rxn00208_c0	g46787.t1 or g46788.t1 or g46789.t1 or g46790.t1
R_rxn00208_d0	g46787.t1 or g46788.t1 or g46789.t1 or g46790.t1
R_rxn00209_c0	g46787.t1 or g46788.t1 or g46789.t1 or g46790.t1
R_rxn00209_d0	g46787.t1 or g46788.t1 or g46789.t1 or g46790.t1
R_rxn00211_c0	g101027.t1 or g31175.t1 or g33979.t1 or g39176.t1 or g39184.t1 or g39192.t1 or g39206.t1 or g46994.t1
R_rxn00213_c0	g174966.t1 or g174967.t1 or g21754.t1 or g86659.t1
R_rxn00237_c0	g101217.t1 or g121344.t1 or g138591.t1 or g155032.t1 or g189051.t1 or g189053.t1 or g22001.t1 or g46367.t1
R_rxn00237_d0	g101217.t1 or g121344.t1 or g138591.t1 or g155032.t1 or g189051.t1 or g189053.t1 or g22001.t1 or g46367.t1
R_rxn00237_m0	g101217.t1 or g121344.t1 or g138591.t1 or g155032.t1 or g189051.t1 or g189053.t1 or g22001.t1 or g46367.t1
R_rxn00237_n0	g101217.t1 or g121344.t1 or g138591.t1 or g155032.t1 or g189051.t1 or g189053.t1 or g22001.t1 or g46367.t1
R_rxn00237_x0	g101217.t1 or g121344.t1 or g138591.t1 or g155032.t1 or g189051.t1 or g189053.t1 or g22001.t1 or g46367.t1
R_rxn00239_c0	g174482.t1 or g174619.t1 or g175877.t1 or g176783.t1 or g41360.t1
R_rxn00247_c0	g188720.t1 or g188723.t1 or g188724.t1 or g66691.t1 or g68341.t1
R_rxn00247_n0	g188720.t1 or g188723.t1 or g188724.t1 or g66691.t1 or g68341.t1
R_rxn00248_c0	g117773.t1 or g119081.t1 or g158787.t1 or g158928.t1 or g159358.t1 or g159495.t1 or g204659.t1 or g22124.t1 or g23897.t1 or g25206.t1 or g30779.t1 or g47060.t1
R_rxn00248_d0	g117773.t1 or g119081.t1 or g158787.t1 or g158928.t1 or g159358.t1 or g159495.t1 or g204659.t1 or g22124.t1 or g23897.t1 or g25206.t1 or g30779.t1 or g47060.t1
R_rxn00248_m0	g117773.t1 or g119081.t1 or g158787.t1 or g158928.t1 or g159358.t1 or g159495.t1 or g204659.t1 or g22124.t1 or g23897.t1 or g25206.t1 or g30779.t1 or g47060.t1
R_rxn00248_x0	g117773.t1 or g119081.t1 or g158787.t1 or g158928.t1 or g159358.t1 or g159495.t1 or g204659.t1 or g22124.t1 or g23897.t1 or g25206.t1 or g30779.t1 or g47060.t1
R_rxn00257_c0	g188154.t1 or g19213.t1 or g23294.t1 or g53067.t1 or g70977.t1 or g86510.t1
R_rxn00260_c0	g104932.t1 or g107517.t1 or g117437.t1 or g118573.t1 or g130719.t1 or g131766.t1 or g136847.t1 or g172231.t1 or g32146.t1 or g63792.t1 or g64152.t1 or g64813.t1 or g7169.t1 or g9449.t1
R_rxn00260_d0	g104932.t1 or g107517.t1 or g117437.t1 or g118573.t1 or g130719.t1 or g131766.t1 or g136847.t1 or g172231.t1 or g32146.t1 or g63792.t1 or g64152.t1 or g64813.t1 or g7169.t1 or g9449.t1
R_rxn00260_m0	g104932.t1 or g107517.t1 or g117437.t1 or g118573.t1 or g130719.t1 or g131766.t1 or g136847.t1 or g172231.t1 or g32146.t1 or g63792.t1 or g64152.t1 or g64813.t1 or g7169.t1 or g9449.t1
R_rxn00260_x0	g104932.t1 or g107517.t1 or g117437.t1 or g118573.t1 or g130719.t1 or g131766.t1 or g136847.t1 or g172231.t1 or g32146.t1 or g63792.t1 or g64152.t1 or g64813.t1 or g7169.t1 or g9449.t1
R_rxn00272_d0	g1246.t1 or g172272.t1 or g188085.t1 or g462.t1 or g63913.t1 or g64977.t1 or g71135.t1
R_rxn00272_m0	g1246.t1 or g172272.t1 or g188085.t1 or g462.t1 or g63913.t1 or g64977.t1 or g71135.t1
R_rxn00272_x0	g1246.t1 or g172272.t1 or g188085.t1 or g462.t1 or g63913.t1 or g64977.t1 or g71135.t1
R_rxn00275_d0	g1246.t1 or g172272.t1 or g188085.t1 or g462.t1 or g63913.t1 or g64977.t1 or g71135.t1
R_rxn00275_m0	g1246.t1 or g172272.t1 or g188085.t1 or g462.t1 or g63913.t1 or g64977.t1 or g71135.t1
R_rxn00275_x0	g1246.t1 or g172272.t1 or g188085.t1 or g462.t1 or g63913.t1 or g64977.t1 or g71135.t1
R_rxn00285_m0	g102062.t1 or g1241.t1 or g26144.t1 or g26145.t1 or g44579.t1 or g458.t1
R_rxn00299_c0	g102001.t1
R_rxn00300_d0	g175309.t1 or g176106.t1 or g187904.t1 or g23781.t1
R_rxn00313_d0	
R_rxn00330_c0	g46390.t1 or g46391.t1 or g46392.t1
R_rxn00333_d0	g117638.t1 or g118933.t1 or g123148.t1 or g126069.t1 or g131818.t1 or g150672.t1 or g160510.t1 or g178749.t1 or g41472.t1 or g47797.t1 or g47798.t1 or g47799.t1 or g47800.t1
R_rxn00333_x0	g117638.t1 or g118933.t1 or g123148.t1 or g126069.t1 or g131818.t1 or g150672.t1 or g160510.t1 or g178749.t1 or g41472.t1 or g47797.t1 or g47798.t1 or g47799.t1 or g47800.t1
R_rxn00337_d0	g100466.t1 or g116426.t1 or g183507.t1 or g183510.t1 or g39.t1 or g47327.t1 or g833.t1 or g99317.t1
R_rxn00338_c0	g130464.t1 or g131503.t1 or g186804.t1 or g201901.t1 or g203247.t1 or g203783.t1 or g66424.t1 or g68081.t1
R_rxn00338_d0	g130464.t1 or g131503.t1 or g186804.t1 or g201901.t1 or g203247.t1 or g203783.t1 or g66424.t1 or g68081.t1
R_rxn00343_m0	g187282.t1
R_rxn00361_c0	g158563.t1 or g159159.t1 or g173462.t1 or g174311.t1 or g30811.t1 or g33576.t1 or g34457.t1 or g34458.t1
R_rxn00361_d0	g158563.t1 or g159159.t1 or g173462.t1 or g174311.t1 or g30811.t1 or g33576.t1 or g34457.t1 or g34458.t1
R_rxn00363_c0	g100644.t1 or g158420.t1 or g175809.t1 or g175811.t1 or g176709.t1 or g176712.t1 or g47753.t1 or g98183.t1 or g98184.t1 or g99399.t1 or g99404.t1
R_rxn00364_c0	g137779.t1 or g43825.t1 or g44342.t1 or g45389.t1
R_rxn00366_c0	g121982.t1 or g124956.t1 or g124957.t1 or g188241.t1 or g188242.t1 or g188424.t1 or g28028.t1 or g28034.t1 or g29776.t1 or g29778.t1 or g29792.t1 or g29797.t1 or g69800.t1 or g70274.t1 or g86395.t1
R_rxn00366_g0	g121982.t1 or g124956.t1 or g124957.t1 or g188241.t1 or g188242.t1 or g188424.t1 or g28028.t1 or g28034.t1 or g29776.t1 or g29778.t1 or g29792.t1 or g29797.t1 or g69800.t1 or g70274.t1 or g86395.t1
R_rxn00371_c0	g11241.t1 or g14000.t1 or g193021.t1 or g201527.t1 or g34170.t1
R_rxn00371_m0	g11241.t1 or g14000.t1 or g193021.t1 or g201527.t1 or g34170.t1
R_rxn00383_c0	g177134.t1 or g34306.t1
R_rxn00383_x0	g177134.t1 or g34306.t1
R_rxn00391_c0	g101276.t1 or g117389.t1 or g117397.t1 or g118522.t1 or g118530.t1 or g32502.t1 or g44686.t1 or g48620.t1 or g48621.t1 or g86915.t1
R_rxn00391_d0	g101276.t1 or g117389.t1 or g117397.t1 or g118522.t1 or g118530.t1 or g32502.t1 or g44686.t1 or g48620.t1 or g48621.t1 or g86915.t1
R_rxn00392_c0	g117389.t1 or g117397.t1 or g118522.t1 or g118530.t1 or g32502.t1
R_rxn00392_d0	g117389.t1 or g117397.t1 or g118522.t1 or g118530.t1 or g32502.t1
R_rxn00394_d0	g22181.t1 or g22187.t1
R_rxn00394_m0	g22181.t1 or g22187.t1
R_rxn00408_c0	g121982.t1 or g124956.t1 or g124957.t1 or g188241.t1 or g188242.t1 or g188424.t1 or g28028.t1 or g28034.t1 or g29776.t1 or g29778.t1 or g29792.t1 or g29797.t1 or g69800.t1 or g70274.t1 or g86395.t1
R_rxn00408_g0	g121982.t1 or g124956.t1 or g124957.t1 or g188241.t1 or g188242.t1 or g188424.t1 or g28028.t1 or g28034.t1 or g29776.t1 or g29778.t1 or g29792.t1 or g29797.t1 or g69800.t1 or g70274.t1 or g86395.t1
R_rxn00409_c0	g101217.t1 or g121344.t1 or g138591.t1 or g155032.t1 or g189051.t1 or g189053.t1 or g22001.t1 or g46367.t1
R_rxn00409_d0	g101217.t1 or g121344.t1 or g138591.t1 or g155032.t1 or g189051.t1 or g189053.t1 or g22001.t1 or g46367.t1
R_rxn00409_m0	g101217.t1 or g121344.t1 or g138591.t1 or g155032.t1 or g189051.t1 or g189053.t1 or g22001.t1 or g46367.t1
R_rxn00409_n0	g101217.t1 or g121344.t1 or g138591.t1 or g155032.t1 or g189051.t1 or g189053.t1 or g22001.t1 or g46367.t1
R_rxn00409_x0	g101217.t1 or g121344.t1 or g138591.t1 or g155032.t1 or g189051.t1 or g189053.t1 or g22001.t1 or g46367.t1
R_rxn00412_c0	g15825.t1 or g21048.t1 or g22954.t1
R_rxn00414_d0	g101624.t1 or g202743.t1 or g204184.t1 or g47022.t1
R_rxn00416_c0	g63594.t1 or g63596.t1 or g64615.t1 or g64617.t1 or g87576.t1
R_rxn00420_d0	g101775.t1 or g101776.t1
R_rxn00424_x0	g188085.t1
R_rxn00425_c0	g120475.t1 or g120476.t1 or g121292.t1 or g121293.t1 or g121555.t1
R_rxn00437_c0	g103685.t1 or g124941.t1 or g140072.t1 or g158275.t1 or g172426.t1 or g177764.t1 or g182153.t1 or g182825.t1 or g184897.t1 or g21095.t1 or g23617.t1 or g23636.t1 or g40531.t1 or g85510.t1 or g87010.t1 or g9144.t1 or g94160.t1
R_rxn00439_c0	
R_rxn00440_c0	g103685.t1 or g124941.t1 or g140072.t1 or g158275.t1 or g172426.t1 or g177764.t1 or g182153.t1 or g182825.t1 or g184897.t1 or g21095.t1 or g23617.t1 or g23636.t1 or g40531.t1 or g85510.t1 or g87010.t1 or g9144.t1 or g94160.t1
R_rxn00451_c0	g23444.t1
R_rxn00452_c0	g156988.t1 or g157633.t1 or g158483.t1 or g158493.t1
R_rxn00454_c0	
R_rxn00456_c0	g121451.t1 or g138673.t1
R_rxn00459_c0	g101790.t1 or g139208.t1 or g172874.t1 or g172875.t1 or g173740.t1 or g173741.t1 or g46886.t1
R_rxn00459_d0	g101790.t1 or g139208.t1 or g172874.t1 or g172875.t1 or g173740.t1 or g173741.t1 or g46886.t1
R_rxn00459_n0	g101790.t1 or g139208.t1 or g172874.t1 or g172875.t1 or g173740.t1 or g173741.t1 or g46886.t1
R_rxn00469_c0	g137735.t1 or g137739.t1 or g177334.t1 or g177335.t1 or g24646.t1 or g24649.t1
R_rxn00493_c0	g104932.t1 or g107517.t1 or g117323.t1 or g117324.t1 or g117325.t1 or g117326.t1 or g117327.t1 or g117437.t1 or g118467.t1 or g118468.t1 or g118469.t1 or g118470.t1 or g118471.t1 or g118573.t1 or g130719.t1 or g131766.t1 or g136847.t1 or g160433.t1 or g160611.t1 or g172231.t1 or g182592.t1 or g183190.t1 or g188457.t1 or g188738.t1 or g32146.t1 or g48991.t1 or g63792.t1 or g64152.t1 or g64813.t1 or g7169.t1 or g9449.t1
R_rxn00493_d0	g104932.t1 or g107517.t1 or g117323.t1 or g117324.t1 or g117325.t1 or g117326.t1 or g117327.t1 or g117437.t1 or g118467.t1 or g118468.t1 or g118469.t1 or g118470.t1 or g118471.t1 or g118573.t1 or g130719.t1 or g131766.t1 or g136847.t1 or g160433.t1 or g160611.t1 or g172231.t1 or g182592.t1 or g183190.t1 or g188457.t1 or g188738.t1 or g32146.t1 or g48991.t1 or g63792.t1 or g64152.t1 or g64813.t1 or g7169.t1 or g9449.t1
R_rxn00493_m0	g104932.t1 or g107517.t1 or g117323.t1 or g117324.t1 or g117325.t1 or g117326.t1 or g117327.t1 or g117437.t1 or g118467.t1 or g118468.t1 or g118469.t1 or g118470.t1 or g118471.t1 or g118573.t1 or g130719.t1 or g131766.t1 or g136847.t1 or g160433.t1 or g160611.t1 or g172231.t1 or g182592.t1 or g183190.t1 or g188457.t1 or g188738.t1 or g32146.t1 or g48991.t1 or g63792.t1 or g64152.t1 or g64813.t1 or g7169.t1 or g9449.t1
R_rxn00493_x0	g104932.t1 or g107517.t1 or g117323.t1 or g117324.t1 or g117325.t1 or g117326.t1 or g117327.t1 or g117437.t1 or g118467.t1 or g118468.t1 or g118469.t1 or g118470.t1 or g118471.t1 or g118573.t1 or g130719.t1 or g131766.t1 or g136847.t1 or g160433.t1 or g160611.t1 or g172231.t1 or g182592.t1 or g183190.t1 or g188457.t1 or g188738.t1 or g32146.t1 or g48991.t1 or g63792.t1 or g64152.t1 or g64813.t1 or g7169.t1 or g9449.t1
R_rxn00495_c0	g139383.t1 or g139384.t1 or g139386.t1 or g139387.t1 or g161000.t1 or g172684.t1 or g173569.t1 or g35240.t1 or g35247.t1 or g35249.t1 or g42446.t1 or g42452.t1 or g42458.t1 or g42463.t1 or g80731.t1 or g84404.t1 or g86954.t1
R_rxn00499_c0	g119818.t1 or g120630.t1 or g138077.t1
R_rxn00506_c0	g134801.t1 or g136804.t1 or g143353.t1 or g202632.t1 or g202633.t1 or g204046.t1 or g204047.t1 or g33203.t1 or g33205.t1 or g33207.t1 or g34161.t1 or g46832.t1 or g47809.t1 or g4801.t1 or g4918.t1 or g70739.t1 or g70743.t1 or g70755.t1 or g70766.t1 or g70767.t1 or g70780.t1 or g70782.t1 or g70783.t1 or g70784.t1 or g70785.t1 or g70786.t1 or g70787.t1 or g70788.t1 or g98662.t1 or g99754.t1
R_rxn00506_d0	g134801.t1 or g136804.t1 or g143353.t1 or g202632.t1 or g202633.t1 or g204046.t1 or g204047.t1 or g33203.t1 or g33205.t1 or g33207.t1 or g34161.t1 or g46832.t1 or g47809.t1 or g4801.t1 or g4918.t1 or g70739.t1 or g70743.t1 or g70755.t1 or g70766.t1 or g70767.t1 or g70780.t1 or g70782.t1 or g70783.t1 or g70784.t1 or g70785.t1 or g70786.t1 or g70787.t1 or g70788.t1 or g98662.t1 or g99754.t1
R_rxn00506_m0	g134801.t1 or g136804.t1 or g143353.t1 or g202632.t1 or g202633.t1 or g204046.t1 or g204047.t1 or g33203.t1 or g33205.t1 or g33207.t1 or g34161.t1 or g46832.t1 or g47809.t1 or g4801.t1 or g4918.t1 or g70739.t1 or g70743.t1 or g70755.t1 or g70766.t1 or g70767.t1 or g70780.t1 or g70782.t1 or g70783.t1 or g70784.t1 or g70785.t1 or g70786.t1 or g70787.t1 or g70788.t1 or g98662.t1 or g99754.t1
R_rxn00527_c0	g104932.t1 or g107517.t1 or g117323.t1 or g117324.t1 or g117325.t1 or g117326.t1 or g117327.t1 or g117437.t1 or g118467.t1 or g118468.t1 or g118469.t1 or g118470.t1 or g118471.t1 or g118573.t1 or g130719.t1 or g131766.t1 or g136847.t1 or g160433.t1 or g160611.t1 or g172231.t1 or g182592.t1 or g183190.t1 or g188457.t1 or g188738.t1 or g32146.t1 or g48991.t1 or g63792.t1 or g64152.t1 or g64813.t1 or g7169.t1 or g9449.t1
R_rxn00527_d0	g104932.t1 or g107517.t1 or g117323.t1 or g117324.t1 or g117325.t1 or g117326.t1 or g117327.t1 or g117437.t1 or g118467.t1 or g118468.t1 or g118469.t1 or g118470.t1 or g118471.t1 or g118573.t1 or g130719.t1 or g131766.t1 or g136847.t1 or g160433.t1 or g160611.t1 or g172231.t1 or g182592.t1 or g183190.t1 or g188457.t1 or g188738.t1 or g32146.t1 or g48991.t1 or g63792.t1 or g64152.t1 or g64813.t1 or g7169.t1 or g9449.t1
R_rxn00527_m0	g104932.t1 or g107517.t1 or g117323.t1 or g117324.t1 or g117325.t1 or g117326.t1 or g117327.t1 or g117437.t1 or g118467.t1 or g118468.t1 or g118469.t1 or g118470.t1 or g118471.t1 or g118573.t1 or g130719.t1 or g131766.t1 or g136847.t1 or g160433.t1 or g160611.t1 or g172231.t1 or g182592.t1 or g183190.t1 or g188457.t1 or g188738.t1 or g32146.t1 or g48991.t1 or g63792.t1 or g64152.t1 or g64813.t1 or g7169.t1 or g9449.t1
R_rxn00527_x0	g104932.t1 or g107517.t1 or g117323.t1 or g117324.t1 or g117325.t1 or g117326.t1 or g117327.t1 or g117437.t1 or g118467.t1 or g118468.t1 or g118469.t1 or g118470.t1 or g118471.t1 or g118573.t1 or g130719.t1 or g131766.t1 or g136847.t1 or g160433.t1 or g160611.t1 or g172231.t1 or g182592.t1 or g183190.t1 or g188457.t1 or g188738.t1 or g32146.t1 or g48991.t1 or g63792.t1 or g64152.t1 or g64813.t1 or g7169.t1 or g9449.t1
R_rxn00533_c0	g116161.t1 or g128857.t1 or g128991.t1 or g130113.t1 or g130238.t1 or g134416.t1 or g136425.t1 or g138777.t1 or g188851.t1 or g196785.t1 or g197803.t1 or g197805.t1 or g22398.t1 or g35481.t1 or g49796.t1 or g63428.t1 or g64455.t1 or g66632.t1 or g68283.t1 or g72168.t1 or g75228.t1 or g80289.t1 or g91641.t1 or g98020.t1
R_rxn00533_d0	g116161.t1 or g128857.t1 or g128991.t1 or g130113.t1 or g130238.t1 or g134416.t1 or g136425.t1 or g138777.t1 or g188851.t1 or g196785.t1 or g197803.t1 or g197805.t1 or g22398.t1 or g35481.t1 or g49796.t1 or g63428.t1 or g64455.t1 or g66632.t1 or g68283.t1 or g72168.t1 or g75228.t1 or g80289.t1 or g91641.t1 or g98020.t1
R_rxn00541_c0	
R_rxn00543_c0	g101232.t1 or g138688.t1 or g156647.t1 or g161963.t1 or g18071.t1 or g187536.t1 or g188545.t1 or g35525.t1 or g35539.t1 or g35546.t1 or g35549.t1 or g35553.t1 or g35554.t1 or g35566.t1 or g36807.t1 or g36813.t1 or g36820.t1 or g36823.t1 or g36827.t1 or g36828.t1 or g36839.t1 or g65740.t1 or g66493.t1 or g66495.t1 or g67302.t1 or g68150.t1 or g68159.t1 or g69056.t1 or g69057.t1 or g77664.t1 or g81386.t1 or g98319.t1 or g99514.t1
R_rxn00571_c0	g177134.t1
R_rxn00578_c0	g1130.t1 or g173332.t1 or g174191.t1 or g175664.t1 or g176541.t1 or g344.t1
R_rxn00611_c0	g21398.t1 or g31363.t1 or g50108.t1 or g51031.t1 or g96650.t1 or g97200.t1
R_rxn00611_d0	g21398.t1 or g31363.t1 or g50108.t1 or g51031.t1 or g96650.t1 or g97200.t1
R_rxn00654_c0	g169577.t1
R_rxn00686_c0	g24343.t1
R_rxn00686_m0	g24343.t1
R_rxn00689_c0	g50134.t1 or g51058.t1 or g86456.t1
R_rxn00689_d0	g50134.t1 or g51058.t1 or g86456.t1
R_rxn00689_m0	g50134.t1 or g51058.t1 or g86456.t1
R_rxn00690_c0	g1033.t1 or g183294.t1 or g207.t1
R_rxn00692_c0	g119316.t1 or g133927.t1 or g134366.t1 or g134367.t1 or g135942.t1 or g136375.t1 or g136376.t1 or g188248.t1 or g188488.t1 or g189351.t1 or g23554.t1 or g33483.t1 or g47722.t1 or g47723.t1 or g56101.t1 or g66678.t1 or g68330.t1 or g86570.t1
R_rxn00692_d0	g119316.t1 or g133927.t1 or g134366.t1 or g134367.t1 or g135942.t1 or g136375.t1 or g136376.t1 or g188248.t1 or g188488.t1 or g189351.t1 or g23554.t1 or g33483.t1 or g47722.t1 or g47723.t1 or g56101.t1 or g66678.t1 or g68330.t1 or g86570.t1
R_rxn00692_m0	g119316.t1 or g133927.t1 or g134366.t1 or g134367.t1 or g135942.t1 or g136375.t1 or g136376.t1 or g188248.t1 or g188488.t1 or g189351.t1 or g23554.t1 or g33483.t1 or g47722.t1 or g47723.t1 or g56101.t1 or g66678.t1 or g68330.t1 or g86570.t1
R_rxn00693_c0	
R_rxn00693_d0	
R_rxn00693_x0	
R_rxn00708_c0	g100644.t1 or g158420.t1 or g175809.t1 or g175811.t1 or g176709.t1 or g176712.t1 or g47753.t1 or g98183.t1 or g98184.t1 or g99399.t1 or g99404.t1
R_rxn00710_c0	g187307.t1
R_rxn00711_d0	g100225.t1 or g100226.t1 or g117542.t1 or g118826.t1 or g138877.t1 or g99093.t1 or g99094.t1
R_rxn00720_d0	g44701.t1
R_rxn00737_d0	g139259.t1 or g172686.t1 or g173193.t1 or g173230.t1 or g173571.t1 or g174053.t1 or g174084.t1
R_rxn00747_c0	g171310.t1 or g24474.t1 or g49323.t1 or g87859.t1 or g87861.t1
R_rxn00747_d0	g171310.t1 or g24474.t1 or g49323.t1 or g87859.t1 or g87861.t1
R_rxn00747_m0	g171310.t1 or g24474.t1 or g49323.t1 or g87859.t1 or g87861.t1
R_rxn00770_c0	g137764.t1 or g166157.t1 or g167143.t1 or g98886.t1 or g99956.t1
R_rxn00770_d0	g137764.t1 or g166157.t1 or g167143.t1 or g98886.t1 or g99956.t1
R_rxn00777_c0	g101284.t1 or g158500.t1 or g22799.t1 or g31652.t1 or g44702.t1 or g48278.t1 or g69703.t1 or g70170.t1
R_rxn00777_d0	g101284.t1 or g158500.t1 or g22799.t1 or g31652.t1 or g44702.t1 or g48278.t1 or g69703.t1 or g70170.t1
R_rxn00777_n0	g101284.t1 or g158500.t1 or g22799.t1 or g31652.t1 or g44702.t1 or g48278.t1 or g69703.t1 or g70170.t1
R_rxn00779_c0	g102249.t1 or g105095.t1
R_rxn00781_c0	g101212.t1 or g103008.t1 or g105805.t1 or g160203.t1 or g70726.t1 or g71392.t1 or g71393.t1 or g71431.t1 or g71432.t1
R_rxn00781_d0	g101212.t1 or g103008.t1 or g105805.t1 or g160203.t1 or g70726.t1 or g71392.t1 or g71393.t1 or g71431.t1 or g71432.t1
R_rxn00781_m0	g101212.t1 or g103008.t1 or g105805.t1 or g160203.t1 or g70726.t1 or g71392.t1 or g71393.t1 or g71431.t1 or g71432.t1
R_rxn00781_n0	g101212.t1 or g103008.t1 or g105805.t1 or g160203.t1 or g70726.t1 or g71392.t1 or g71393.t1 or g71431.t1 or g71432.t1
R_rxn00782_d0	g25855.t1 or g25856.t1 or g48858.t1 or g69108.t1
R_rxn00789_d0	
R_rxn00790_d0	g21887.t1 or g24422.t1
R_rxn00791_d0	g195724.t1 or g195771.t1
R_rxn00799_m0	g158336.t1 or g158338.t1
R_rxn00800_d0	g102431.t1 or g105250.t1
R_rxn00802_d0	g66611.t1 or g68263.t1
R_rxn00829_c0	g175661.t1 or g176537.t1 or g49049.t1
R_rxn00829_x0	g175661.t1 or g176537.t1 or g49049.t1
R_rxn00830_c0	g63526.t1 or g64553.t1 or g86910.t1
R_rxn00830_d0	g63526.t1 or g64553.t1 or g86910.t1
R_rxn00830_m0	g63526.t1 or g64553.t1 or g86910.t1
R_rxn00832_d0	g137322.t1
R_rxn00834_c0	g174437.t1 or g174560.t1 or g174561.t1
R_rxn00838_d0	g173505.t1 or g174352.t1 or g24697.t1 or g33299.t1 or g41218.t1
R_rxn00839_c0	g101217.t1 or g121344.t1 or g138591.t1 or g155032.t1 or g189051.t1 or g189053.t1 or g22001.t1 or g46367.t1
R_rxn00839_d0	g101217.t1 or g121344.t1 or g138591.t1 or g155032.t1 or g189051.t1 or g189053.t1 or g22001.t1 or g46367.t1
R_rxn00839_m0	g101217.t1 or g121344.t1 or g138591.t1 or g155032.t1 or g189051.t1 or g189053.t1 or g22001.t1 or g46367.t1
R_rxn00839_n0	g101217.t1 or g121344.t1 or g138591.t1 or g155032.t1 or g189051.t1 or g189053.t1 or g22001.t1 or g46367.t1
R_rxn00839_x0	g101217.t1 or g121344.t1 or g138591.t1 or g155032.t1 or g189051.t1 or g189053.t1 or g22001.t1 or g46367.t1
R_rxn00863_d0	g32029.t1 or g32031.t1
R_rxn00899_d0	
R_rxn00899_m0	
R_rxn00907_c0	g183294.t1
R_rxn00907_d0	g183294.t1
R_rxn00907_m0	g183294.t1
R_rxn00908_m0	g133821.t1 or g135849.t1 or g23210.t1 or g32719.t1 or g86471.t1 or g86473.t1 or g86499.t1
R_rxn00912_c0	g139544.t1 or g187594.t1
R_rxn00912_m0	g139544.t1 or g187594.t1
R_rxn00915_c0	g115948.t1 or g138094.t1 or g66135.t1 or g66848.t1 or g67772.t1 or g68519.t1
R_rxn00917_c0	g138428.t1 or g138429.t1
R_rxn00929_c0	g31484.t1
R_rxn00929_d0	g31484.t1
R_rxn00931_c0	g31484.t1
R_rxn00931_d0	g31484.t1
R_rxn00937_m0	g187282.t1
R_rxn00938_c0	g102677.t1 or g105479.t1 or g111151.t1 or g112179.t1 or g11276.t1 or g114410.t1 or g115752.t1 or g116722.t1 or g117447.t1 or g118583.t1 or g120892.t1 or g129965.t1 or g133254.t1 or g139543.t1 or g142288.t1 or g147357.t1 or g151198.t1 or g151268.t1 or g153980.t1 or g154542.t1 or g169453.t1 or g169454.t1 or g169602.t1 or g170746.t1 or g172685.t1 or g173570.t1 or g182346.t1 or g184760.t1 or g185784.t1 or g185792.t1 or g187595.t1 or g190178.t1 or g196757.t1 or g201635.t1 or g202814.t1 or g203542.t1 or g21260.t1 or g21271.t1 or g21727.t1 or g22350.t1 or g24482.t1 or g24483.t1 or g24668.t1 or g30530.t1 or g30672.t1 or g36225.t1 or g37467.t1 or g4179.t1 or g41854.t1 or g41939.t1 or g43828.t1 or g44380.t1 or g44798.t1 or g47379.t1 or g56916.t1 or g57684.t1 or g59362.t1 or g59979.t1 or g61373.t1 or g62718.t1 or g62764.t1 or g66516.t1 or g67325.t1 or g68177.t1 or g70492.t1 or g73591.t1 or g76641.t1 or g92426.t1 or g97436.t1 or g97437.t1
R_rxn00940_c0	
R_rxn00943_x0	g137938.t1 or g137939.t1 or g22096.t1 or g22421.t1 or g22425.t1
R_rxn00947_d0	g116406.t1 or g117224.t1 or g118368.t1 or g120520.t1 or g121339.t1 or g121341.t1 or g138557.t1 or g158378.t1 or g158379.t1 or g159770.t1 or g177399.t1 or g202757.t1 or g204200.t1 or g21156.t1 or g23057.t1 or g24242.t1
R_rxn00947_r0	g116406.t1 or g117224.t1 or g118368.t1 or g120520.t1 or g121339.t1 or g121341.t1 or g138557.t1 or g158378.t1 or g158379.t1 or g159770.t1 or g177399.t1 or g202757.t1 or g204200.t1 or g21156.t1 or g23057.t1 or g24242.t1
R_rxn00947_x0	g116406.t1 or g117224.t1 or g118368.t1 or g120520.t1 or g121339.t1 or g121341.t1 or g138557.t1 or g158378.t1 or g158379.t1 or g159770.t1 or g177399.t1 or g202757.t1 or g204200.t1 or g21156.t1 or g23057.t1 or g24242.t1
R_rxn00965_c0	
R_rxn00974_c0	g116973.t1 or g118113.t1 or g119428.t1 or g202311.t1 or g203712.t1
R_rxn00974_d0	g116973.t1 or g118113.t1 or g119428.t1 or g202311.t1 or g203712.t1
R_rxn00974_m0	g116973.t1 or g118113.t1 or g119428.t1 or g202311.t1 or g203712.t1
R_rxn00979_c0	
R_rxn00980_c0	g175400.t1 or g176194.t1 or g49878.t1
R_rxn00980_d0	g175400.t1 or g176194.t1 or g49878.t1
R_rxn00980_n0	g175400.t1 or g176194.t1 or g49878.t1
R_rxn01000_d0	g101544.t1 or g187147.t1 or g187793.t1 or g32702.t1 or g32719.t1
R_rxn01005_c0	
R_rxn01007_c0	g139618.t1 or g158303.t1 or g172746.t1 or g173631.t1 or g187019.t1 or g188134.t1 or g49309.t1 or g86736.t1
R_rxn01011_d0	
R_rxn01011_x0	
R_rxn01018_d0	
R_rxn01019_d0	g188583.t1 or g188584.t1 or g68875.t1 or g68877.t1
R_rxn01021_c0	g24469.t1
R_rxn01069_d0	g100632.t1 or g47778.t1
R_rxn01100_c0	g119655.t1 or g119658.t1 or g119659.t1 or g139356.t1
R_rxn01100_d0	g119655.t1 or g119658.t1 or g119659.t1 or g139356.t1
R_rxn01101_d0	g170401.t1 or g28291.t1 or g30063.t1 or g46541.t1 or g47870.t1 or g62366.t1
R_rxn01102_d0	g47587.t1
R_rxn01106_c0	g116320.t1 or g172510.t1 or g30959.t1 or g66119.t1 or g66295.t1 or g67756.t1 or g67931.t1
R_rxn01106_d0	g116320.t1 or g172510.t1 or g30959.t1 or g66119.t1 or g66295.t1 or g67756.t1 or g67931.t1
R_rxn01111_d0	g137633.t1
R_rxn01115_c0	g189028.t1 or g47953.t1 or g69400.t1
R_rxn01115_d0	g189028.t1 or g47953.t1 or g69400.t1
R_rxn01115_m0	g189028.t1 or g47953.t1 or g69400.t1
R_rxn01116_d0	g100225.t1 or g100226.t1 or g47046.t1 or g69958.t1 or g70443.t1 or g99093.t1 or g99094.t1
R_rxn01169_m0	g100706.t1 or g186390.t1 or g186711.t1 or g202695.t1 or g204136.t1 or g33507.t1 or g47666.t1 or g68964.t1
R_rxn01179_c0	g159024.t1 or g159025.t1 or g159577.t1 or g159578.t1 or g188286.t1 or g188289.t1 or g188290.t1 or g188296.t1 or g188298.t1 or g86486.t1 or g86529.t1
R_rxn01179_n0	g159024.t1 or g159025.t1 or g159577.t1 or g159578.t1 or g188286.t1 or g188289.t1 or g188290.t1 or g188296.t1 or g188298.t1 or g86486.t1 or g86529.t1
R_rxn01179_r0	g159024.t1 or g159025.t1 or g159577.t1 or g159578.t1 or g188286.t1 or g188289.t1 or g188290.t1 or g188296.t1 or g188298.t1 or g86486.t1 or g86529.t1
R_rxn01181_c0	g100008.t1 or g100843.t1 or g120401.t1 or g121205.t1 or g137713.t1 or g44838.t1 or g47178.t1 or g98937.t1
R_rxn01182_c0	g100884.t1 or g102753.t1 or g105553.t1 or g133540.t1 or g135552.t1 or g137643.t1 or g152775.t1 or g187327.t1 or g188543.t1 or g189850.t1 or g33977.t1 or g44857.t1 or g47280.t1
R_rxn01200_d0	g10346.t1 or g13310.t1 or g161779.t1 or g86118.t1
R_rxn01207_d0	
R_rxn01207_m0	
R_rxn01211_c0	g183294.t1
R_rxn01211_d0	g183294.t1
R_rxn01211_m0	g183294.t1
R_rxn01213_c0	g119430.t1 or g124232.t1 or g127316.t1 or g139220.t1 or g160242.t1 or g160244.t1 or g160246.t1 or g175199.t1 or g175995.t1 or g194147.t1 or g201795.t1 or g202976.t1 or g33317.t1 or g33318.t1 or g33320.t1 or g33321.t1 or g68782.t1
R_rxn01213_m0	g119430.t1 or g124232.t1 or g127316.t1 or g139220.t1 or g160242.t1 or g160244.t1 or g160246.t1 or g175199.t1 or g175995.t1 or g194147.t1 or g201795.t1 or g202976.t1 or g33317.t1 or g33318.t1 or g33320.t1 or g33321.t1 or g68782.t1
R_rxn01217_c0	g46416.t1
R_rxn01249_c0	g44992.t1 or g45977.t1
R_rxn01249_d0	g44992.t1 or g45977.t1
R_rxn01253_c0	
R_rxn01255_d0	g49046.t1 or g62092.t1 or g62261.t1
R_rxn01256_c0	g115674.t1 or g135618.t1 or g177072.t1 or g34005.t1 or g85110.t1 or g86621.t1 or g88769.t1
R_rxn01256_d0	g115674.t1 or g135618.t1 or g177072.t1 or g34005.t1 or g85110.t1 or g86621.t1 or g88769.t1
R_rxn01257_d0	g62305.t1
R_rxn01258_d0	g101087.t1 or g101089.t1 or g171498.t1 or g47956.t1
R_rxn01262_c0	
R_rxn01263_c0	
R_rxn01265_c0	
R_rxn01275_c0	g160367.t1
R_rxn01301_d0	g100466.t1 or g183507.t1 or g183510.t1 or g99317.t1
R_rxn01302_d0	g100466.t1 or g183507.t1 or g183510.t1 or g99317.t1
R_rxn01332_d0	g175330.t1 or g175331.t1 or g176130.t1 or g176131.t1 or g23763.t1 or g66483.t1 or g68140.t1
R_rxn01334_c0	g139177.t1 or g171247.t1 or g173224.t1 or g174079.t1 or g24400.t1 or g27965.t1 or g28691.t1 or g30474.t1 or g33187.t1 or g69669.t1 or g70138.t1 or g72332.t1 or g98050.t1
R_rxn01334_d0	g139177.t1 or g171247.t1 or g173224.t1 or g174079.t1 or g24400.t1 or g27965.t1 or g28691.t1 or g30474.t1 or g33187.t1 or g69669.t1 or g70138.t1 or g72332.t1 or g98050.t1
R_rxn01345_c0	g131196.t1 or g138813.t1 or g172475.t1 or g172476.t1 or g188947.t1 or g23843.t1 or g65977.t1 or g67544.t1 or g86420.t1
R_rxn01345_d0	g131196.t1 or g138813.t1 or g172475.t1 or g172476.t1 or g188947.t1 or g23843.t1 or g65977.t1 or g67544.t1 or g86420.t1
R_rxn01353_c0	g101217.t1 or g121344.t1 or g138591.t1 or g155032.t1 or g189051.t1 or g189053.t1 or g22001.t1 or g46367.t1
R_rxn01353_d0	g101217.t1 or g121344.t1 or g138591.t1 or g155032.t1 or g189051.t1 or g189053.t1 or g22001.t1 or g46367.t1
R_rxn01353_m0	g101217.t1 or g121344.t1 or g138591.t1 or g155032.t1 or g189051.t1 or g189053.t1 or g22001.t1 or g46367.t1
R_rxn01353_n0	g101217.t1 or g121344.t1 or g138591.t1 or g155032.t1 or g189051.t1 or g189053.t1 or g22001.t1 or g46367.t1
R_rxn01353_x0	g101217.t1 or g121344.t1 or g138591.t1 or g155032.t1 or g189051.t1 or g189053.t1 or g22001.t1 or g46367.t1
R_rxn01362_c0	g187307.t1
R_rxn01396_c0	g33454.t1 or g65371.t1 or g66960.t1
R_rxn01396_d0	g33454.t1 or g65371.t1 or g66960.t1
R_rxn01399_c0	
R_rxn01426_c0	g158522.t1 or g170653.t1 or g192165.t1 or g24081.t1 or g33675.t1 or g33676.t1 or g33677.t1 or g33678.t1 or g33679.t1 or g34879.t1 or g34880.t1 or g34882.t1 or g65580.t1 or g65581.t1 or g67128.t1 or g67129.t1 or g73445.t1 or g76495.t1
R_rxn01427_c0	g100884.t1 or g102753.t1 or g105553.t1 or g133540.t1 or g135552.t1 or g137643.t1 or g152775.t1 or g187327.t1 or g188543.t1 or g189850.t1 or g33977.t1 or g44857.t1 or g47280.t1
R_rxn01429_c0	g101215.t1 or g101556.t1 or g102294.t1 or g102449.t1 or g102452.t1 or g102756.t1 or g103303.t1 or g105136.t1 or g105281.t1 or g105283.t1 or g105284.t1 or g105556.t1 or g106037.t1 or g108924.t1 or g116060.t1 or g116228.t1 or g116251.t1 or g116252.t1 or g116274.t1 or g116289.t1 or g116294.t1 or g117371.t1 or g118687.t1 or g118691.t1 or g118709.t1 or g121748.t1 or g1243.t1 or g124738.t1 or g132966.t1 or g1339.t1 or g135076.t1 or g137338.t1 or g137339.t1 or g155198.t1 or g157323.t1 or g157324.t1 or g157931.t1 or g157932.t1 or g16812.t1 or g172912.t1 or g1733.t1 or g173776.t1 or g1743.t1 or g174426.t1 or g174427.t1 or g174428.t1 or g174429.t1 or g174550.t1 or g174551.t1 or g174552.t1 or g174743.t1 or g175399.t1 or g176193.t1 or g177131.t1 or g186860.t1 or g187115.t1 or g187214.t1 or g187216.t1 or g187222.t1 or g187229.t1 or g187232.t1 or g187236.t1 or g187241.t1 or g187436.t1 or g187448.t1 or g187460.t1 or g187579.t1 or g187726.t1 or g187780.t1 or g188389.t1 or g188390.t1 or g188393.t1 or g188394.t1 or g188397.t1 or g188400.t1 or g188401.t1 or g188403.t1 or g188404.t1 or g188405.t1 or g188916.t1 or g189142.t1 or g201773.t1 or g201797.t1 or g202176.t1 or g202178.t1 or g202186.t1 or g202192.t1 or g202197.t1 or g202414.t1 or g202554.t1 or g202834.t1 or g202955.t1 or g202978.t1 or g203534.t1 or g203536.t1 or g203547.t1 or g203568.t1 or g203574.t1 or g203575.t1 or g203581.t1 or g203584.t1 or g203586.t1 or g203806.t1 or g203963.t1 or g204507.t1 or g204513.t1 or g204521.t1 or g20679.t1 or g23782.t1 or g23783.t1 or g23786.t1 or g23787.t1 or g23789.t1 or g23795.t1 or g23796.t1 or g28408.t1 or g30180.t1 or g31106.t1 or g32875.t1 or g32876.t1 or g32881.t1 or g32886.t1 or g32889.t1 or g32891.t1 or g32892.t1 or g32893.t1 or g32894.t1 or g42493.t1 or g43033.t1 or g43972.t1 or g460.t1 or g47253.t1 or g49051.t1 or g49054.t1 or g49055.t1 or g49065.t1 or g49066.t1 or g49096.t1 or g49097.t1 or g49106.t1 or g49107.t1 or g49108.t1 or g49115.t1 or g49451.t1 or g49455.t1 or g49470.t1 or g58898.t1 or g60798.t1 or g64371.t1 or g65669.t1 or g69915.t1 or g70073.t1 or g70824.t1 or g71370.t1 or g71485.t1 or g71939.t1 or g74552.t1 or g75013.t1 or g77862.t1 or g81584.t1 or g86054.t1 or g86831.t1 or g86890.t1 or g93827.t1 or g94812.t1
R_rxn01434_d0	g69259.t1
R_rxn01454_c0	g119758.t1 or g120571.t1 or g138290.t1 or g138291.t1 or g188962.t1
R_rxn01465_c0	g32055.t1
R_rxn01465_d0	g32055.t1
R_rxn01466_c0	g119430.t1 or g139220.t1 or g160242.t1 or g160244.t1 or g160246.t1 or g175199.t1 or g175995.t1 or g194147.t1 or g201795.t1 or g202976.t1 or g33317.t1 or g33318.t1 or g33320.t1 or g33321.t1 or g68782.t1
R_rxn01476_c0	g117100.t1 or g118244.t1 or g2496.t1 or g3543.t1 or g44994.t1 or g45979.t1 or g69278.t1 or g97907.t1
R_rxn01476_d0	g117100.t1 or g118244.t1 or g2496.t1 or g3543.t1 or g44994.t1 or g45979.t1 or g69278.t1 or g97907.t1
R_rxn01486_d0	g119430.t1 or g139220.t1 or g175199.t1 or g175995.t1 or g33317.t1 or g33318.t1 or g33320.t1 or g33321.t1 or g68782.t1
R_rxn01486_m0	g119430.t1 or g139220.t1 or g175199.t1 or g175995.t1 or g33317.t1 or g33318.t1 or g33320.t1 or g33321.t1 or g68782.t1
R_rxn01486_r0	g119430.t1 or g139220.t1 or g175199.t1 or g175995.t1 or g33317.t1 or g33318.t1 or g33320.t1 or g33321.t1 or g68782.t1
R_rxn01494_c0	
R_rxn01501_c0	g153794.t1 or g153795.t1 or g156899.t1 or g156900.t1 or g159470.t1 or g159471.t1 or g186403.t1 or g186404.t1 or g21988.t1 or g21989.t1 or g28381.t1 or g30153.t1 or g32952.t1 or g34849.t1 or g44730.t1 or g69128.t1
R_rxn01501_r0	g153794.t1 or g153795.t1 or g156899.t1 or g156900.t1 or g159470.t1 or g159471.t1 or g186403.t1 or g186404.t1 or g21988.t1 or g21989.t1 or g28381.t1 or g30153.t1 or g32952.t1 or g34849.t1 or g44730.t1 or g69128.t1
R_rxn01511_c0	g121982.t1 or g124956.t1 or g124957.t1 or g188241.t1 or g188242.t1 or g188424.t1 or g28028.t1 or g28034.t1 or g29776.t1 or g29778.t1 or g29792.t1 or g29797.t1 or g69800.t1 or g70274.t1 or g86395.t1
R_rxn01511_g0	g121982.t1 or g124956.t1 or g124957.t1 or g188241.t1 or g188242.t1 or g188424.t1 or g28028.t1 or g28034.t1 or g29776.t1 or g29778.t1 or g29792.t1 or g29797.t1 or g69800.t1 or g70274.t1 or g86395.t1
R_rxn01512_c0	g101217.t1 or g121344.t1 or g138591.t1 or g155032.t1 or g189051.t1 or g189053.t1 or g22001.t1 or g46367.t1
R_rxn01512_d0	g101217.t1 or g121344.t1 or g138591.t1 or g155032.t1 or g189051.t1 or g189053.t1 or g22001.t1 or g46367.t1
R_rxn01512_m0	g101217.t1 or g121344.t1 or g138591.t1 or g155032.t1 or g189051.t1 or g189053.t1 or g22001.t1 or g46367.t1
R_rxn01512_n0	g101217.t1 or g121344.t1 or g138591.t1 or g155032.t1 or g189051.t1 or g189053.t1 or g22001.t1 or g46367.t1
R_rxn01512_x0	g101217.t1 or g121344.t1 or g138591.t1 or g155032.t1 or g189051.t1 or g189053.t1 or g22001.t1 or g46367.t1
R_rxn01513_c0	g116586.t1 or g158243.t1
R_rxn01513_m0	g116586.t1 or g158243.t1
R_rxn01514_c0	g121982.t1 or g124956.t1 or g124957.t1 or g188241.t1 or g188242.t1 or g188424.t1 or g28028.t1 or g28034.t1 or g29776.t1 or g29778.t1 or g29792.t1 or g29797.t1 or g69800.t1 or g70274.t1 or g86395.t1
R_rxn01514_g0	g121982.t1 or g124956.t1 or g124957.t1 or g188241.t1 or g188242.t1 or g188424.t1 or g28028.t1 or g28034.t1 or g29776.t1 or g29778.t1 or g29792.t1 or g29797.t1 or g69800.t1 or g70274.t1 or g86395.t1
R_rxn01519_c0	g22872.t1 or g23170.t1 or g68818.t1
R_rxn01520_c0	g24343.t1
R_rxn01539_c0	g101276.t1 or g44686.t1 or g48620.t1 or g48621.t1 or g71796.t1 or g74867.t1
R_rxn01539_d0	g101276.t1 or g44686.t1 or g48620.t1 or g48621.t1 or g71796.t1 or g74867.t1
R_rxn01570_c0	g100008.t1 or g100843.t1 or g120401.t1 or g121205.t1 or g137713.t1 or g44838.t1 or g47178.t1 or g98937.t1
R_rxn01571_c0	g100884.t1 or g102753.t1 or g105553.t1 or g133540.t1 or g135552.t1 or g137643.t1 or g152775.t1 or g187327.t1 or g188543.t1 or g189850.t1 or g33977.t1 or g44857.t1 or g47280.t1
R_rxn01607_c0	g23007.t1
R_rxn01611_c0	g101903.t1 or g101904.t1 or g85677.t1
R_rxn01611_r0	g101903.t1 or g101904.t1 or g85677.t1
R_rxn01612_c0	
R_rxn01613_c0	g100884.t1 or g102753.t1 or g105553.t1 or g133540.t1 or g135552.t1 or g137643.t1 or g152775.t1 or g187327.t1 or g188543.t1 or g189850.t1 or g33977.t1 or g44857.t1 or g47280.t1
R_rxn01626_c0	g186271.t1 or g186273.t1 or g186595.t1
R_rxn01626_r0	g186271.t1 or g186273.t1 or g186595.t1
R_rxn01636_d0	g138975.t1
R_rxn01637_d0	g128018.t1 or g129379.t1 or g138311.t1
R_rxn01643_c0	g40.t1 or g834.t1
R_rxn01643_d0	g40.t1 or g834.t1
R_rxn01644_d0	
R_rxn01652_c0	g32719.t1
R_rxn01652_d0	g32719.t1
R_rxn01652_m0	g32719.t1
R_rxn01653_m0	g46766.t1 or g66029.t1 or g67642.t1
R_rxn01670_c0	g100644.t1 or g158420.t1 or g175809.t1 or g175811.t1 or g176709.t1 or g176712.t1 or g47753.t1 or g98183.t1 or g98184.t1 or g99399.t1 or g99404.t1
R_rxn01673_c0	g101217.t1 or g121344.t1 or g138591.t1 or g155032.t1 or g189051.t1 or g189053.t1 or g22001.t1 or g46367.t1
R_rxn01673_d0	g101217.t1 or g121344.t1 or g138591.t1 or g155032.t1 or g189051.t1 or g189053.t1 or g22001.t1 or g46367.t1
R_rxn01673_m0	g101217.t1 or g121344.t1 or g138591.t1 or g155032.t1 or g189051.t1 or g189053.t1 or g22001.t1 or g46367.t1
R_rxn01673_n0	g101217.t1 or g121344.t1 or g138591.t1 or g155032.t1 or g189051.t1 or g189053.t1 or g22001.t1 or g46367.t1
R_rxn01673_x0	g101217.t1 or g121344.t1 or g138591.t1 or g155032.t1 or g189051.t1 or g189053.t1 or g22001.t1 or g46367.t1
R_rxn01678_c0	g101217.t1 or g121344.t1 or g138591.t1 or g155032.t1 or g189051.t1 or g189053.t1 or g22001.t1 or g46367.t1
R_rxn01678_d0	g101217.t1 or g121344.t1 or g138591.t1 or g155032.t1 or g189051.t1 or g189053.t1 or g22001.t1 or g46367.t1
R_rxn01678_m0	g101217.t1 or g121344.t1 or g138591.t1 or g155032.t1 or g189051.t1 or g189053.t1 or g22001.t1 or g46367.t1
R_rxn01678_n0	g101217.t1 or g121344.t1 or g138591.t1 or g155032.t1 or g189051.t1 or g189053.t1 or g22001.t1 or g46367.t1
R_rxn01678_x0	g101217.t1 or g121344.t1 or g138591.t1 or g155032.t1 or g189051.t1 or g189053.t1 or g22001.t1 or g46367.t1
R_rxn01712_c0	g160139.t1 or g31298.t1 or g44936.t1 or g45920.t1 or g98642.t1 or g98659.t1 or g99751.t1
R_rxn01718_c0	g119995.t1 or g120004.t1 or g120873.t1 or g120882.t1 or g136834.t1 or g136839.t1 or g136934.t1 or g136935.t1 or g136937.t1 or g136939.t1 or g136942.t1 or g136943.t1 or g136944.t1 or g136945.t1 or g136947.t1 or g173043.t1 or g173905.t1
R_rxn01739_d0	g34340.t1 or g64183.t1 or g64184.t1 or g65205.t1
R_rxn01740_d0	g102144.t1 or g114944.t1 or g162364.t1 or g20569.t1 or g20570.t1 or g20574.t1
R_rxn01743_c0	g101215.t1 or g101556.t1 or g102294.t1 or g102449.t1 or g102452.t1 or g102756.t1 or g103303.t1 or g105136.t1 or g105281.t1 or g105283.t1 or g105284.t1 or g105556.t1 or g106037.t1 or g108924.t1 or g116060.t1 or g116228.t1 or g116251.t1 or g116252.t1 or g116274.t1 or g116289.t1 or g116294.t1 or g117371.t1 or g118687.t1 or g118691.t1 or g118709.t1 or g121748.t1 or g1243.t1 or g124738.t1 or g132966.t1 or g1339.t1 or g135076.t1 or g137338.t1 or g137339.t1 or g155198.t1 or g157323.t1 or g157324.t1 or g157931.t1 or g157932.t1 or g16812.t1 or g172912.t1 or g1733.t1 or g173776.t1 or g1743.t1 or g174426.t1 or g174427.t1 or g174428.t1 or g174429.t1 or g174550.t1 or g174551.t1 or g174552.t1 or g174743.t1 or g175399.t1 or g176193.t1 or g177131.t1 or g186860.t1 or g187115.t1 or g187214.t1 or g187216.t1 or g187222.t1 or g187229.t1 or g187232.t1 or g187236.t1 or g187241.t1 or g187436.t1 or g187448.t1 or g187460.t1 or g187579.t1 or g187726.t1 or g187780.t1 or g188389.t1 or g188390.t1 or g188393.t1 or g188394.t1 or g188397.t1 or g188400.t1 or g188401.t1 or g188403.t1 or g188404.t1 or g188405.t1 or g188916.t1 or g189142.t1 or g201773.t1 or g201797.t1 or g202176.t1 or g202178.t1 or g202186.t1 or g202192.t1 or g202197.t1 or g202414.t1 or g202554.t1 or g202834.t1 or g202955.t1 or g202978.t1 or g203534.t1 or g203536.t1 or g203547.t1 or g203568.t1 or g203574.t1 or g203575.t1 or g203581.t1 or g203584.t1 or g203586.t1 or g203806.t1 or g203963.t1 or g204507.t1 or g204513.t1 or g204521.t1 or g20679.t1 or g23782.t1 or g23783.t1 or g23786.t1 or g23787.t1 or g23789.t1 or g23795.t1 or g23796.t1 or g28408.t1 or g30180.t1 or g31106.t1 or g32875.t1 or g32876.t1 or g32881.t1 or g32886.t1 or g32889.t1 or g32891.t1 or g32892.t1 or g32893.t1 or g32894.t1 or g42493.t1 or g43033.t1 or g43972.t1 or g460.t1 or g47253.t1 or g49051.t1 or g49054.t1 or g49055.t1 or g49065.t1 or g49066.t1 or g49096.t1 or g49097.t1 or g49106.t1 or g49107.t1 or g49108.t1 or g49115.t1 or g49451.t1 or g49455.t1 or g49470.t1 or g58898.t1 or g60798.t1 or g64371.t1 or g65669.t1 or g69915.t1 or g70073.t1 or g70824.t1 or g71370.t1 or g71485.t1 or g71939.t1 or g74552.t1 or g75013.t1 or g77862.t1 or g81584.t1 or g86054.t1 or g86831.t1 or g86890.t1 or g93827.t1 or g94812.t1
R_rxn01765_r0	g187106.t1 or g46977.t1
R_rxn01790_c0	
R_rxn01791_c0	g156443.t1
R_rxn01807_c0	g33454.t1 or g65371.t1 or g66960.t1
R_rxn01807_d0	g33454.t1 or g65371.t1 or g66960.t1
R_rxn01827_c0	g116357.t1 or g80024.t1 or g83759.t1
R_rxn01827_d0	g116357.t1 or g80024.t1 or g83759.t1
R_rxn01887_c0	g100323.t1 or g100324.t1 or g100325.t1 or g116864.t1 or g121683.t1 or g121702.t1 or g124652.t1 or g124665.t1 or g157327.t1 or g157936.t1 or g175073.t1 or g175078.t1 or g175131.t1 or g175136.t1 or g175141.t1 or g175145.t1 or g175146.t1 or g175147.t1 or g175175.t1 or g175180.t1 or g175185.t1 or g175186.t1 or g175187.t1 or g175189.t1 or g175190.t1 or g175191.t1 or g175231.t1 or g175232.t1 or g175233.t1 or g175234.t1 or g175235.t1 or g175962.t1 or g175964.t1 or g175965.t1 or g175966.t1 or g175983.t1 or g175985.t1 or g175986.t1 or g175987.t1 or g176025.t1 or g176028.t1 or g176029.t1 or g176030.t1 or g176031.t1 or g189080.t1 or g24037.t1 or g27399.t1 or g27717.t1 or g29172.t1 or g29503.t1 or g31603.t1 or g31604.t1 or g31664.t1 or g31716.t1 or g31717.t1 or g31721.t1 or g31724.t1 or g31725.t1 or g31732.t1 or g31733.t1 or g31742.t1 or g31743.t1 or g31744.t1 or g31746.t1 or g31747.t1 or g31748.t1 or g31751.t1 or g31759.t1 or g31762.t1 or g31768.t1 or g31769.t1 or g31770.t1 or g31772.t1 or g31775.t1 or g31776.t1 or g31777.t1 or g31778.t1 or g32540.t1 or g32541.t1 or g32542.t1 or g32544.t1 or g32570.t1 or g34730.t1 or g42555.t1 or g42564.t1 or g42565.t1 or g46144.t1 or g61549.t1 or g61850.t1 or g68846.t1 or g72215.t1 or g75269.t1 or g86650.t1 or g87192.t1 or g99190.t1 or g99191.t1 or g99192.t1 or g99527.t1 or g99535.t1 or g99770.t1
R_rxn01887_w0	g100323.t1 or g100324.t1 or g100325.t1 or g116864.t1 or g121683.t1 or g121702.t1 or g124652.t1 or g124665.t1 or g157327.t1 or g157936.t1 or g175073.t1 or g175078.t1 or g175131.t1 or g175136.t1 or g175141.t1 or g175145.t1 or g175146.t1 or g175147.t1 or g175175.t1 or g175180.t1 or g175185.t1 or g175186.t1 or g175187.t1 or g175189.t1 or g175190.t1 or g175191.t1 or g175231.t1 or g175232.t1 or g175233.t1 or g175234.t1 or g175235.t1 or g175962.t1 or g175964.t1 or g175965.t1 or g175966.t1 or g175983.t1 or g175985.t1 or g175986.t1 or g175987.t1 or g176025.t1 or g176028.t1 or g176029.t1 or g176030.t1 or g176031.t1 or g189080.t1 or g24037.t1 or g27399.t1 or g27717.t1 or g29172.t1 or g29503.t1 or g31603.t1 or g31604.t1 or g31664.t1 or g31716.t1 or g31717.t1 or g31721.t1 or g31724.t1 or g31725.t1 or g31732.t1 or g31733.t1 or g31742.t1 or g31743.t1 or g31744.t1 or g31746.t1 or g31747.t1 or g31748.t1 or g31751.t1 or g31759.t1 or g31762.t1 or g31768.t1 or g31769.t1 or g31770.t1 or g31772.t1 or g31775.t1 or g31776.t1 or g31777.t1 or g31778.t1 or g32540.t1 or g32541.t1 or g32542.t1 or g32544.t1 or g32570.t1 or g34730.t1 or g42555.t1 or g42564.t1 or g42565.t1 or g46144.t1 or g61549.t1 or g61850.t1 or g68846.t1 or g72215.t1 or g75269.t1 or g86650.t1 or g87192.t1 or g99190.t1 or g99191.t1 or g99192.t1 or g99527.t1 or g99535.t1 or g99770.t1
R_rxn01888_c0	g30645.t1 or g30659.t1 or g30661.t1 or g33314.t1
R_rxn01917_d0	g176839.t1
R_rxn01974_d0	g139638.t1 or g139640.t1
R_rxn01975_c0	g116449.t1 or g23282.t1 or g34278.t1 or g72161.t1 or g75218.t1
R_rxn01975_d0	g116449.t1 or g23282.t1 or g34278.t1 or g72161.t1 or g75218.t1
R_rxn02155_c0	g119524.t1
R_rxn02159_d0	g32029.t1 or g32031.t1
R_rxn02175_c0	g28771.t1 or g30512.t1 or g33253.t1
R_rxn02201_c0	g69280.t1
R_rxn02201_m0	g69280.t1
R_rxn02212_d0	g33111.t1
R_rxn02213_d0	g102144.t1 or g114944.t1 or g162364.t1 or g20569.t1 or g20570.t1 or g20574.t1
R_rxn02251_d0	g103683.t1 or g106415.t1 or g139171.t1 or g196785.t1 or g197803.t1 or g197805.t1 or g30702.t1 or g33351.t1 or g33353.t1 or g33354.t1 or g35173.t1 or g49796.t1 or g80289.t1 or g84008.t1
R_rxn02251_x0	g103683.t1 or g106415.t1 or g139171.t1 or g196785.t1 or g197803.t1 or g197805.t1 or g30702.t1 or g33351.t1 or g33353.t1 or g33354.t1 or g35173.t1 or g49796.t1 or g80289.t1 or g84008.t1
R_rxn02277_m0	g102472.t1 or g105301.t1 or g105303.t1
R_rxn02297_c0	g97423.t1
R_rxn02302_c0	g31186.t1 or g38231.t1
R_rxn02305_d0	g23549.t1
R_rxn02312_m0	g102472.t1 or g105301.t1 or g105303.t1
R_rxn02320_d0	g182592.t1 or g183190.t1 or g48991.t1
R_rxn02322_c0	g100051.t1 or g100055.t1 or g137621.t1 or g98969.t1 or g98975.t1
R_rxn02322_x0	g100051.t1 or g100055.t1 or g137621.t1 or g98969.t1 or g98975.t1
R_rxn02341_c0	g138403.t1 or g138405.t1 or g189004.t1
R_rxn02373_c0	g130987.t1 or g130995.t1 or g132086.t1 or g132092.t1 or g90380.t1 or g90381.t1 or g91164.t1 or g91165.t1
R_rxn02373_d0	g130987.t1 or g130995.t1 or g132086.t1 or g132092.t1 or g90380.t1 or g90381.t1 or g91164.t1 or g91165.t1
R_rxn02380_c0	g123727.t1 or g204684.t1 or g68240.t1
R_rxn02380_d0	g123727.t1 or g204684.t1 or g68240.t1
R_rxn02402_c0	g69730.t1 or g70198.t1
R_rxn02402_d0	g69730.t1 or g70198.t1
R_rxn02414_c0	g160139.t1 or g31298.t1 or g44936.t1 or g45920.t1 or g98642.t1 or g98659.t1 or g99751.t1
R_rxn02465_d0	g24174.t1
R_rxn02473_d0	g158425.t1
R_rxn02474_d0	g22418.t1 or g63423.t1 or g64450.t1
R_rxn02475_d0	g22418.t1 or g63423.t1 or g64450.t1
R_rxn02476_d0	g22189.t1 or g86119.t1
R_rxn02484_d0	g23549.t1
R_rxn02503_c0	g69280.t1
R_rxn02503_m0	g69280.t1
R_rxn02504_c0	g50160.t1 or g51084.t1
R_rxn02507_d0	g46484.t1
R_rxn02516_m0	g161117.t1 or g164848.t1 or g165464.t1 or g174722.t1 or g21619.t1 or g22453.t1 or g28770.t1 or g30511.t1
R_rxn02575_c0	g30645.t1 or g30659.t1 or g30661.t1 or g33314.t1
R_rxn02758_c0	g100323.t1 or g100324.t1 or g100325.t1 or g116864.t1 or g121683.t1 or g121702.t1 or g124652.t1 or g124665.t1 or g157327.t1 or g157936.t1 or g175073.t1 or g175078.t1 or g175131.t1 or g175136.t1 or g175141.t1 or g175145.t1 or g175146.t1 or g175147.t1 or g175175.t1 or g175180.t1 or g175185.t1 or g175186.t1 or g175187.t1 or g175189.t1 or g175190.t1 or g175191.t1 or g175231.t1 or g175232.t1 or g175233.t1 or g175234.t1 or g175235.t1 or g175962.t1 or g175964.t1 or g175965.t1 or g175966.t1 or g175983.t1 or g175985.t1 or g175986.t1 or g175987.t1 or g176025.t1 or g176028.t1 or g176029.t1 or g176030.t1 or g176031.t1 or g189080.t1 or g24037.t1 or g27399.t1 or g27717.t1 or g29172.t1 or g29503.t1 or g31603.t1 or g31604.t1 or g31664.t1 or g31716.t1 or g31717.t1 or g31721.t1 or g31724.t1 or g31725.t1 or g31732.t1 or g31733.t1 or g31742.t1 or g31743.t1 or g31744.t1 or g31746.t1 or g31747.t1 or g31748.t1 or g31751.t1 or g31759.t1 or g31762.t1 or g31768.t1 or g31769.t1 or g31770.t1 or g31772.t1 or g31775.t1 or g31776.t1 or g31777.t1 or g31778.t1 or g32540.t1 or g32541.t1 or g32542.t1 or g32544.t1 or g32570.t1 or g34730.t1 or g42555.t1 or g42564.t1 or g42565.t1 or g46144.t1 or g61549.t1 or g61850.t1 or g68846.t1 or g72215.t1 or g75269.t1 or g86650.t1 or g87192.t1 or g99190.t1 or g99191.t1 or g99192.t1 or g99527.t1 or g99535.t1 or g99770.t1
R_rxn02758_w0	g100323.t1 or g100324.t1 or g100325.t1 or g116864.t1 or g121683.t1 or g121702.t1 or g124652.t1 or g124665.t1 or g157327.t1 or g157936.t1 or g175073.t1 or g175078.t1 or g175131.t1 or g175136.t1 or g175141.t1 or g175145.t1 or g175146.t1 or g175147.t1 or g175175.t1 or g175180.t1 or g175185.t1 or g175186.t1 or g175187.t1 or g175189.t1 or g175190.t1 or g175191.t1 or g175231.t1 or g175232.t1 or g175233.t1 or g175234.t1 or g175235.t1 or g175962.t1 or g175964.t1 or g175965.t1 or g175966.t1 or g175983.t1 or g175985.t1 or g175986.t1 or g175987.t1 or g176025.t1 or g176028.t1 or g176029.t1 or g176030.t1 or g176031.t1 or g189080.t1 or g24037.t1 or g27399.t1 or g27717.t1 or g29172.t1 or g29503.t1 or g31603.t1 or g31604.t1 or g31664.t1 or g31716.t1 or g31717.t1 or g31721.t1 or g31724.t1 or g31725.t1 or g31732.t1 or g31733.t1 or g31742.t1 or g31743.t1 or g31744.t1 or g31746.t1 or g31747.t1 or g31748.t1 or g31751.t1 or g31759.t1 or g31762.t1 or g31768.t1 or g31769.t1 or g31770.t1 or g31772.t1 or g31775.t1 or g31776.t1 or g31777.t1 or g31778.t1 or g32540.t1 or g32541.t1 or g32542.t1 or g32544.t1 or g32570.t1 or g34730.t1 or g42555.t1 or g42564.t1 or g42565.t1 or g46144.t1 or g61549.t1 or g61850.t1 or g68846.t1 or g72215.t1 or g75269.t1 or g86650.t1 or g87192.t1 or g99190.t1 or g99191.t1 or g99192.t1 or g99527.t1 or g99535.t1 or g99770.t1
R_rxn02789_d0	g158892.t1 or g159455.t1 or g34519.t1 or g98810.t1 or g99890.t1
R_rxn02811_d0	g158892.t1 or g159455.t1 or g34519.t1 or g98810.t1 or g99890.t1
R_rxn02814_c0	g100323.t1 or g100324.t1 or g100325.t1 or g116864.t1 or g121683.t1 or g121702.t1 or g124652.t1 or g124665.t1 or g157327.t1 or g157936.t1 or g175073.t1 or g175078.t1 or g175131.t1 or g175136.t1 or g175141.t1 or g175145.t1 or g175146.t1 or g175147.t1 or g175175.t1 or g175180.t1 or g175185.t1 or g175186.t1 or g175187.t1 or g175189.t1 or g175190.t1 or g175191.t1 or g175231.t1 or g175232.t1 or g175233.t1 or g175234.t1 or g175235.t1 or g175962.t1 or g175964.t1 or g175965.t1 or g175966.t1 or g175983.t1 or g175985.t1 or g175986.t1 or g175987.t1 or g176025.t1 or g176028.t1 or g176029.t1 or g176030.t1 or g176031.t1 or g189080.t1 or g24037.t1 or g27399.t1 or g27717.t1 or g29172.t1 or g29503.t1 or g31603.t1 or g31604.t1 or g31664.t1 or g31716.t1 or g31717.t1 or g31721.t1 or g31724.t1 or g31725.t1 or g31732.t1 or g31733.t1 or g31742.t1 or g31743.t1 or g31744.t1 or g31746.t1 or g31747.t1 or g31748.t1 or g31751.t1 or g31759.t1 or g31762.t1 or g31768.t1 or g31769.t1 or g31770.t1 or g31772.t1 or g31775.t1 or g31776.t1 or g31777.t1 or g31778.t1 or g32540.t1 or g32541.t1 or g32542.t1 or g32544.t1 or g32570.t1 or g34730.t1 or g42555.t1 or g42564.t1 or g42565.t1 or g46144.t1 or g61549.t1 or g61850.t1 or g68846.t1 or g72215.t1 or g75269.t1 or g86650.t1 or g87192.t1 or g99190.t1 or g99191.t1 or g99192.t1 or g99527.t1 or g99535.t1 or g99770.t1
R_rxn02814_w0	g100323.t1 or g100324.t1 or g100325.t1 or g116864.t1 or g121683.t1 or g121702.t1 or g124652.t1 or g124665.t1 or g157327.t1 or g157936.t1 or g175073.t1 or g175078.t1 or g175131.t1 or g175136.t1 or g175141.t1 or g175145.t1 or g175146.t1 or g175147.t1 or g175175.t1 or g175180.t1 or g175185.t1 or g175186.t1 or g175187.t1 or g175189.t1 or g175190.t1 or g175191.t1 or g175231.t1 or g175232.t1 or g175233.t1 or g175234.t1 or g175235.t1 or g175962.t1 or g175964.t1 or g175965.t1 or g175966.t1 or g175983.t1 or g175985.t1 or g175986.t1 or g175987.t1 or g176025.t1 or g176028.t1 or g176029.t1 or g176030.t1 or g176031.t1 or g189080.t1 or g24037.t1 or g27399.t1 or g27717.t1 or g29172.t1 or g29503.t1 or g31603.t1 or g31604.t1 or g31664.t1 or g31716.t1 or g31717.t1 or g31721.t1 or g31724.t1 or g31725.t1 or g31732.t1 or g31733.t1 or g31742.t1 or g31743.t1 or g31744.t1 or g31746.t1 or g31747.t1 or g31748.t1 or g31751.t1 or g31759.t1 or g31762.t1 or g31768.t1 or g31769.t1 or g31770.t1 or g31772.t1 or g31775.t1 or g31776.t1 or g31777.t1 or g31778.t1 or g32540.t1 or g32541.t1 or g32542.t1 or g32544.t1 or g32570.t1 or g34730.t1 or g42555.t1 or g42564.t1 or g42565.t1 or g46144.t1 or g61549.t1 or g61850.t1 or g68846.t1 or g72215.t1 or g75269.t1 or g86650.t1 or g87192.t1 or g99190.t1 or g99191.t1 or g99192.t1 or g99527.t1 or g99535.t1 or g99770.t1
R_rxn02832_d0	g101087.t1 or g101089.t1 or g171498.t1 or g47956.t1
R_rxn02834_d0	
R_rxn02835_d0	
R_rxn02894_c0	g24032.t1
R_rxn02895_d0	
R_rxn02914_d0	g33033.t1
R_rxn02928_d0	
R_rxn02929_d0	
R_rxn02937_d0	g177551.t1 or g65448.t1 or g67035.t1
R_rxn02938_d0	g175819.t1 or g176724.t1 or g182502.t1 or g183100.t1
R_rxn02988_c0	g46540.t1 or g71201.t1 or g71202.t1
R_rxn02988_d0	g46540.t1 or g71201.t1 or g71202.t1
R_rxn03004_d0	g174949.t1
R_rxn03016_c0	g174754.t1 or g174755.t1 or g174756.t1 or g174762.t1 or g174763.t1 or g174772.t1 or g174773.t1 or g1962.t1 or g1964.t1 or g22706.t1 or g3043.t1 or g3044.t1
R_rxn03016_r0	g174754.t1 or g174755.t1 or g174756.t1 or g174762.t1 or g174763.t1 or g174772.t1 or g174773.t1 or g1962.t1 or g1964.t1 or g22706.t1 or g3043.t1 or g3044.t1
R_rxn03057_c0	g128323.t1 or g128326.t1 or g129527.t1 or g129529.t1
R_rxn03062_d0	g69616.t1 or g70088.t1
R_rxn03075_c0	g86520.t1
R_rxn03080_d0	g121822.t1 or g124808.t1 or g188422.t1
R_rxn03084_d0	g24005.t1 or g32140.t1
R_rxn03084_m0	g24005.t1 or g32140.t1
R_rxn03108_d0	g23549.t1
R_rxn03135_d0	
R_rxn03136_d0	g102431.t1 or g105250.t1
R_rxn03137_d0	g137322.t1
R_rxn03147_d0	g21803.t1
R_rxn03173_c0	
R_rxn03175_d0	g86952.t1
R_rxn03891_d0	
R_rxn03891_m0	
R_rxn03891_r0	
R_rxn03892_d0	
R_rxn03892_m0	
R_rxn03892_r0	
R_rxn03907_d0	g23398.t1
R_rxn03908_d0	g1798.t1 or g2899.t1
R_rxn03909_d0	g134423.t1 or g136430.t1 or g175241.t1 or g176037.t1 or g20655.t1
R_rxn03910_d0	g138473.t1
R_rxn03958_d0	g46863.t1
R_rxn03970_c0	g202632.t1 or g202633.t1 or g204046.t1 or g204047.t1
R_rxn03971_c0	g202632.t1 or g202633.t1 or g204046.t1 or g204047.t1
R_rxn03983_c0	g28128.t1 or g29908.t1 or g32705.t1 or g34772.t1
R_rxn03983_d0	g28128.t1 or g29908.t1 or g32705.t1 or g34772.t1
R_rxn04113_d0	
R_rxn04430_c0	g160139.t1 or g31298.t1 or g44936.t1 or g45920.t1 or g98642.t1 or g98659.t1 or g99751.t1
R_rxn04954_c0	g175358.t1 or g176158.t1 or g86907.t1
R_rxn04996_d0	
R_rxn05023_d0	
R_rxn05023_x0	
R_rxn05024_d0	g70957.t1
R_rxn05024_x0	g70957.t1
R_rxn05034_m0	g46858.t1
R_rxn05039_d0	g86915.t1
R_rxn05040_d0	g175309.t1 or g176106.t1 or g187904.t1 or g23781.t1
R_rxn05092_c0	g157032.t1 or g157033.t1 or g157034.t1 or g157678.t1 or g157679.t1 or g157680.t1 or g158520.t1 or g158521.t1 or g158523.t1
R_rxn05104_c0	g117811.t1 or g117813.t1 or g119122.t1 or g119124.t1 or g160423.t1
R_rxn05104_d0	g117811.t1 or g117813.t1 or g119122.t1 or g119124.t1 or g160423.t1
R_rxn05105_d0	g117811.t1 or g117813.t1 or g119122.t1 or g119124.t1 or g160423.t1
R_rxn05106_d0	g117811.t1 or g117813.t1 or g119122.t1 or g119124.t1 or g160423.t1
R_rxn05136_c0	g101215.t1 or g101556.t1 or g102294.t1 or g102449.t1 or g102452.t1 or g102756.t1 or g103303.t1 or g105136.t1 or g105281.t1 or g105283.t1 or g105284.t1 or g105556.t1 or g106037.t1 or g108924.t1 or g116060.t1 or g116228.t1 or g116251.t1 or g116252.t1 or g116274.t1 or g116289.t1 or g116294.t1 or g117371.t1 or g118687.t1 or g118691.t1 or g118709.t1 or g121748.t1 or g1243.t1 or g124738.t1 or g132966.t1 or g1339.t1 or g135076.t1 or g137338.t1 or g137339.t1 or g155198.t1 or g157323.t1 or g157324.t1 or g157931.t1 or g157932.t1 or g16812.t1 or g172912.t1 or g1733.t1 or g173776.t1 or g1743.t1 or g174426.t1 or g174427.t1 or g174428.t1 or g174429.t1 or g174550.t1 or g174551.t1 or g174552.t1 or g174743.t1 or g175399.t1 or g176193.t1 or g177131.t1 or g186860.t1 or g187115.t1 or g187214.t1 or g187216.t1 or g187222.t1 or g187229.t1 or g187232.t1 or g187236.t1 or g187241.t1 or g187436.t1 or g187448.t1 or g187460.t1 or g187579.t1 or g187726.t1 or g187780.t1 or g188389.t1 or g188390.t1 or g188393.t1 or g188394.t1 or g188397.t1 or g188400.t1 or g188401.t1 or g188403.t1 or g188404.t1 or g188405.t1 or g188916.t1 or g189142.t1 or g201773.t1 or g201797.t1 or g202176.t1 or g202178.t1 or g202186.t1 or g202192.t1 or g202197.t1 or g202414.t1 or g202554.t1 or g202834.t1 or g202955.t1 or g202978.t1 or g203534.t1 or g203536.t1 or g203547.t1 or g203568.t1 or g203574.t1 or g203575.t1 or g203581.t1 or g203584.t1 or g203586.t1 or g203806.t1 or g203963.t1 or g204507.t1 or g204513.t1 or g204521.t1 or g20679.t1 or g23782.t1 or g23783.t1 or g23786.t1 or g23787.t1 or g23789.t1 or g23795.t1 or g23796.t1 or g28408.t1 or g30180.t1 or g31106.t1 or g32875.t1 or g32876.t1 or g32881.t1 or g32886.t1 or g32889.t1 or g32891.t1 or g32892.t1 or g32893.t1 or g32894.t1 or g42493.t1 or g43033.t1 or g43972.t1 or g460.t1 or g47253.t1 or g49051.t1 or g49054.t1 or g49055.t1 or g49065.t1 or g49066.t1 or g49096.t1 or g49097.t1 or g49106.t1 or g49107.t1 or g49108.t1 or g49115.t1 or g49451.t1 or g49455.t1 or g49470.t1 or g58898.t1 or g60798.t1 or g64371.t1 or g65669.t1 or g69915.t1 or g70073.t1 or g70824.t1 or g71370.t1 or g71485.t1 or g71939.t1 or g74552.t1 or g75013.t1 or g77862.t1 or g81584.t1 or g86054.t1 or g86831.t1 or g86890.t1 or g93827.t1 or g94812.t1
R_rxn05143_c0	g202632.t1 or g202633.t1 or g204046.t1 or g204047.t1
R_rxn05287_d0	
R_rxn05287_m0	
R_rxn05287_r0	
R_rxn05324_d0	g1052.t1 or g174673.t1 or g247.t1
R_rxn05325_d0	g1052.t1 or g174673.t1 or g247.t1
R_rxn05326_d0	g1052.t1 or g174673.t1 or g247.t1
R_rxn05330_d0	g23724.t1
R_rxn05331_d0	g23724.t1
R_rxn05335_d0	g23724.t1
R_rxn05337_d0	g101092.t1 or g101193.t1 or g10620.t1 or g121362.t1 or g121363.t1 or g13671.t1 or g46375.t1 or g71409.t1 or g71449.t1
R_rxn05338_d0	g101092.t1 or g101193.t1 or g10620.t1 or g121362.t1 or g121363.t1 or g13671.t1 or g46375.t1 or g71409.t1 or g71449.t1
R_rxn05340_d0	g101092.t1 or g101193.t1 or g10620.t1 or g121362.t1 or g121363.t1 or g13671.t1 or g46375.t1 or g71409.t1 or g71449.t1
R_rxn05342_d0	g101092.t1 or g101193.t1 or g10620.t1 or g121362.t1 or g121363.t1 or g13671.t1 or g46375.t1 or g71409.t1 or g71449.t1
R_rxn05343_d0	g115972.t1 or g115973.t1 or g116712.t1 or g116718.t1 or g120013.t1 or g120902.t1 or g122081.t1 or g125043.t1 or g138627.t1 or g204239.t1 or g31841.t1 or g44794.t1 or g44796.t1 or g47796.t1
R_rxn05345_d0	g115972.t1 or g115973.t1 or g116712.t1 or g116718.t1 or g120013.t1 or g120902.t1 or g122081.t1 or g125043.t1 or g138627.t1 or g204239.t1 or g31841.t1 or g44794.t1 or g44796.t1 or g47796.t1
R_rxn05346_d0	g115972.t1 or g115973.t1 or g116712.t1 or g116718.t1 or g120013.t1 or g120902.t1 or g122081.t1 or g125043.t1 or g138627.t1 or g204239.t1 or g31841.t1 or g44794.t1 or g44796.t1 or g47796.t1
R_rxn05348_d0	g115972.t1 or g115973.t1 or g116712.t1 or g116718.t1 or g120013.t1 or g120902.t1 or g122081.t1 or g125043.t1 or g138627.t1 or g204239.t1 or g31841.t1 or g44794.t1 or g44796.t1 or g47796.t1
R_rxn05350_d0	g115972.t1 or g115973.t1 or g116712.t1 or g116718.t1 or g120013.t1 or g120902.t1 or g122081.t1 or g125043.t1 or g138627.t1 or g204239.t1 or g31841.t1 or g44794.t1 or g44796.t1 or g47796.t1
R_rxn05465_d0	g1164.t1 or g379.t1
R_rxn05736_d0	g116406.t1 or g117224.t1 or g118368.t1 or g120520.t1 or g121339.t1 or g121341.t1 or g138557.t1 or g158378.t1 or g158379.t1 or g159770.t1 or g177399.t1 or g202757.t1 or g204200.t1 or g21156.t1 or g23057.t1 or g24242.t1
R_rxn05736_r0	g116406.t1 or g117224.t1 or g118368.t1 or g120520.t1 or g121339.t1 or g121341.t1 or g138557.t1 or g158378.t1 or g158379.t1 or g159770.t1 or g177399.t1 or g202757.t1 or g204200.t1 or g21156.t1 or g23057.t1 or g24242.t1
R_rxn05736_x0	g116406.t1 or g117224.t1 or g118368.t1 or g120520.t1 or g121339.t1 or g121341.t1 or g138557.t1 or g158378.t1 or g158379.t1 or g159770.t1 or g177399.t1 or g202757.t1 or g204200.t1 or g21156.t1 or g23057.t1 or g24242.t1
R_rxn06556_d0	g102016.t1 or g202617.t1 or g204034.t1 or g44812.t1 or g69672.t1 or g70141.t1
R_rxn07441_d0	g101397.t1 or g184344.t1 or g185078.t1 or g200538.t1
R_rxn07579_d0	g1052.t1 or g174673.t1 or g247.t1
R_rxn08094_m0	g119443.t1 or g201945.t1 or g201946.t1 or g203279.t1 or g23210.t1 or g49304.t1 or g86471.t1 or g86473.t1 or g86499.t1 or g86748.t1
R_rxn08173_j0	g100556.t1 or g110215.t1 or g128643.t1 or g128715.t1 or g13082.t1 or g144455.t1 or g147137.t1 or g149525.t1 or g149967.t1 or g156296.t1 or g182472.t1 or g189087.t1 or g201317.t1 or g33429.t1 or g43825.t1 or g48269.t1 or g49795.t1 or g58826.t1 or g69683.t1 or g70153.t1 or g74235.t1 or g77283.t1 or g85781.t1 or g94643.t1 or g95358.t1
R_rxn08335_m0	g1338.t1 or g515.t1
R_rxn08352_d0	
R_rxn08392_d0	g1052.t1 or g174673.t1 or g247.t1
R_rxn08436_d0	g102016.t1 or g202617.t1 or g204034.t1 or g44812.t1 or g69672.t1 or g70141.t1
R_rxn08440_x0	g22421.t1 or g22425.t1
R_rxn08444_x0	g22421.t1 or g22425.t1
R_rxn08556_m0	g175432.t1 or g176226.t1
R_rxn08703_c0	g156988.t1 or g157633.t1 or g158483.t1 or g158493.t1
R_rxn08756_d0	
R_rxn08766_d0	g120013.t1 or g120902.t1 or g44794.t1 or g44796.t1
R_rxn09177_c0	
R_rxn09272_m0	g134101.t1 or g136110.t1 or g33280.t1 or g33606.t1 or g34264.t1 or g63679.t1 or g63680.t1 or g64699.t1 or g64700.t1
R_rxn09444_d0	g116406.t1 or g117224.t1 or g118368.t1 or g120520.t1 or g121339.t1 or g121341.t1 or g138557.t1 or g158378.t1 or g158379.t1 or g159770.t1 or g177399.t1 or g202757.t1 or g204200.t1 or g21156.t1 or g23057.t1 or g24242.t1
R_rxn09444_r0	g116406.t1 or g117224.t1 or g118368.t1 or g120520.t1 or g121339.t1 or g121341.t1 or g138557.t1 or g158378.t1 or g158379.t1 or g159770.t1 or g177399.t1 or g202757.t1 or g204200.t1 or g21156.t1 or g23057.t1 or g24242.t1
R_rxn09444_x0	g116406.t1 or g117224.t1 or g118368.t1 or g120520.t1 or g121339.t1 or g121341.t1 or g138557.t1 or g158378.t1 or g158379.t1 or g159770.t1 or g177399.t1 or g202757.t1 or g204200.t1 or g21156.t1 or g23057.t1 or g24242.t1
R_rxn09449_d0	g116406.t1 or g117224.t1 or g118368.t1 or g120520.t1 or g121339.t1 or g121341.t1 or g138557.t1 or g158378.t1 or g158379.t1 or g159770.t1 or g177399.t1 or g202757.t1 or g204200.t1 or g21156.t1 or g23057.t1 or g24242.t1
R_rxn09449_r0	g116406.t1 or g117224.t1 or g118368.t1 or g120520.t1 or g121339.t1 or g121341.t1 or g138557.t1 or g158378.t1 or g158379.t1 or g159770.t1 or g177399.t1 or g202757.t1 or g204200.t1 or g21156.t1 or g23057.t1 or g24242.t1
R_rxn09449_x0	g116406.t1 or g117224.t1 or g118368.t1 or g120520.t1 or g121339.t1 or g121341.t1 or g138557.t1 or g158378.t1 or g158379.t1 or g159770.t1 or g177399.t1 or g202757.t1 or g204200.t1 or g21156.t1 or g23057.t1 or g24242.t1
R_rxn09453_d0	g116406.t1 or g117224.t1 or g118368.t1 or g120520.t1 or g121339.t1 or g121341.t1 or g138557.t1 or g158378.t1 or g158379.t1 or g159770.t1 or g177399.t1 or g202757.t1 or g204200.t1 or g21156.t1 or g23057.t1 or g24242.t1
R_rxn09453_r0	g116406.t1 or g117224.t1 or g118368.t1 or g120520.t1 or g121339.t1 or g121341.t1 or g138557.t1 or g158378.t1 or g158379.t1 or g159770.t1 or g177399.t1 or g202757.t1 or g204200.t1 or g21156.t1 or g23057.t1 or g24242.t1
R_rxn09453_x0	g116406.t1 or g117224.t1 or g118368.t1 or g120520.t1 or g121339.t1 or g121341.t1 or g138557.t1 or g158378.t1 or g158379.t1 or g159770.t1 or g177399.t1 or g202757.t1 or g204200.t1 or g21156.t1 or g23057.t1 or g24242.t1
R_rxn11040_c0	g189028.t1 or g47953.t1 or g69400.t1
R_rxn11040_d0	g189028.t1 or g47953.t1 or g69400.t1
R_rxn11040_m0	g189028.t1 or g47953.t1 or g69400.t1
R_rxn11700_d0	g102016.t1 or g202617.t1 or g204034.t1 or g44812.t1 or g69672.t1 or g70141.t1
R_rxn11702_d0	g101087.t1 or g101089.t1 or g171498.t1 or g47956.t1
R_rxn11703_d0	g101087.t1 or g101089.t1 or g171498.t1 or g47956.t1
R_rxn12282_d0	g116406.t1 or g117224.t1 or g118368.t1 or g120520.t1 or g121339.t1 or g121341.t1 or g138557.t1 or g158378.t1 or g158379.t1 or g159770.t1 or g177399.t1 or g202757.t1 or g204200.t1 or g21156.t1 or g23057.t1 or g24242.t1
R_rxn12282_r0	g116406.t1 or g117224.t1 or g118368.t1 or g120520.t1 or g121339.t1 or g121341.t1 or g138557.t1 or g158378.t1 or g158379.t1 or g159770.t1 or g177399.t1 or g202757.t1 or g204200.t1 or g21156.t1 or g23057.t1 or g24242.t1
R_rxn12282_x0	g116406.t1 or g117224.t1 or g118368.t1 or g120520.t1 or g121339.t1 or g121341.t1 or g138557.t1 or g158378.t1 or g158379.t1 or g159770.t1 or g177399.t1 or g202757.t1 or g204200.t1 or g21156.t1 or g23057.t1 or g24242.t1
R_rxn12329_x0	g22421.t1 or g22425.t1
R_rxn12510_c0	g171634.t1 or g172088.t1 or g24644.t1 or g24645.t1 or g46668.t1 or g46670.t1 or g70949.t1
R_rxn13689_j0	g182222.t1 or g182876.t1
R_rxn13726_j0	g102750.t1 or g104028.t1 or g104029.t1 or g105550.t1 or g106632.t1 or g11136.t1 or g116032.t1 or g123111.t1 or g123128.t1 or g123620.t1 or g126653.t1 or g127909.t1 or g13015.t1 or g131453.t1 or g131454.t1 or g133008.t1 or g134429.t1 or g136436.t1 or g153874.t1 or g157037.t1 or g157060.t1 or g157061.t1 or g157683.t1 or g157699.t1 or g157700.t1 or g1617.t1 or g164036.t1 or g170981.t1 or g174746.t1 or g175046.t1 or g176997.t1 or g182915.t1 or g182919.t1 or g182920.t1 or g183856.t1 or g183858.t1 or g187500.t1 or g187503.t1 or g188013.t1 or g189063.t1 or g198916.t1 or g198929.t1 or g198930.t1 or g201756.t1 or g202938.t1 or g20439.t1 or g24312.t1 or g24314.t1 or g31875.t1 or g34131.t1 or g3909.t1 or g3910.t1 or g44713.t1 or g4531.t1 or g4533.t1 or g47603.t1 or g5129.t1 or g54277.t1 or g58906.t1 or g58908.t1 or g58920.t1 or g58923.t1 or g58924.t1 or g58972.t1 or g6382.t1 or g66633.t1 or g66769.t1 or g68284.t1 or g683.t1 or g68714.t1 or g71714.t1 or g7275.t1 or g7286.t1 or g7293.t1 or g73286.t1 or g74237.t1 or g74785.t1 or g76337.t1 or g77285.t1 or g77838.t1 or g8061.t1 or g8067.t1 or g8068.t1 or g80895.t1 or g81560.t1 or g86114.t1 or g86143.t1 or g86402.t1 or g86412.t1 or g87339.t1 or g88828.t1 or g91775.t1 or g93824.t1 or g96334.t1 or g96875.t1
R_rxn14085_d0	g41828.t1 or g49045.t1 or g61992.t1 or g62172.t1
R_rxn15021_d0	g102042.t1 or g102043.t1 or g117682.t1 or g117685.t1 or g118996.t1 or g118997.t1 or g156557.t1 or g175368.t1 or g176168.t1 or g201318.t1 or g201320.t1 or g201324.t1 or g201331.t1 or g35657.t1 or g36930.t1 or g66612.t1 or g68264.t1 or g98373.t1 or g99573.t1
R_rxn15022_c0	g102.t1 or g174971.t1 or g34197.t1 or g906.t1
R_rxn15022_d0	g102.t1 or g174971.t1 or g34197.t1 or g906.t1
R_rxn15022_m0	g102.t1 or g174971.t1 or g34197.t1 or g906.t1
R_rxn15022_x0	g102.t1 or g174971.t1 or g34197.t1 or g906.t1
R_rxn15045_c0	g116987.t1 or g118127.t1
R_rxn15045_x0	g116987.t1 or g118127.t1
R_rxn15056_m0	g137892.t1 or g171616.t1 or g171617.t1 or g172068.t1 or g172069.t1 or g25741.t1 or g33036.t1 or g48286.t1
R_rxn15062_c0	g102632.t1 or g105433.t1 or g130795.t1 or g131912.t1 or g159684.t1 or g184429.t1 or g184432.t1 or g185175.t1 or g185177.t1 or g3149.t1 or g79717.t1 or g83444.t1
R_rxn15069_c0	g100457.t1 or g100458.t1 or g127691.t1 or g127710.t1 or g137418.t1 or g138107.t1 or g139023.t1 or g139024.t1 or g168830.t1 or g172836.t1 or g172844.t1 or g172846.t1 or g172932.t1 or g173257.t1 or g173259.t1 or g173262.t1 or g173710.t1 or g173718.t1 or g173720.t1 or g173796.t1 or g174114.t1 or g174115.t1 or g178764.t1 or g184840.t1 or g31662.t1 or g43709.t1 or g47747.t1 or g48189.t1 or g49047.t1 or g69556.t1 or g70004.t1 or g99308.t1 or g99309.t1
R_rxn15069_d0	g100457.t1 or g100458.t1 or g127691.t1 or g127710.t1 or g137418.t1 or g138107.t1 or g139023.t1 or g139024.t1 or g168830.t1 or g172836.t1 or g172844.t1 or g172846.t1 or g172932.t1 or g173257.t1 or g173259.t1 or g173262.t1 or g173710.t1 or g173718.t1 or g173720.t1 or g173796.t1 or g174114.t1 or g174115.t1 or g178764.t1 or g184840.t1 or g31662.t1 or g43709.t1 or g47747.t1 or g48189.t1 or g49047.t1 or g69556.t1 or g70004.t1 or g99308.t1 or g99309.t1
R_rxn15069_m0	g100457.t1 or g100458.t1 or g127691.t1 or g127710.t1 or g137418.t1 or g138107.t1 or g139023.t1 or g139024.t1 or g168830.t1 or g172836.t1 or g172844.t1 or g172846.t1 or g172932.t1 or g173257.t1 or g173259.t1 or g173262.t1 or g173710.t1 or g173718.t1 or g173720.t1 or g173796.t1 or g174114.t1 or g174115.t1 or g178764.t1 or g184840.t1 or g31662.t1 or g43709.t1 or g47747.t1 or g48189.t1 or g49047.t1 or g69556.t1 or g70004.t1 or g99308.t1 or g99309.t1
R_rxn15069_n0	g100457.t1 or g100458.t1 or g127691.t1 or g127710.t1 or g137418.t1 or g138107.t1 or g139023.t1 or g139024.t1 or g168830.t1 or g172836.t1 or g172844.t1 or g172846.t1 or g172932.t1 or g173257.t1 or g173259.t1 or g173262.t1 or g173710.t1 or g173718.t1 or g173720.t1 or g173796.t1 or g174114.t1 or g174115.t1 or g178764.t1 or g184840.t1 or g31662.t1 or g43709.t1 or g47747.t1 or g48189.t1 or g49047.t1 or g69556.t1 or g70004.t1 or g99308.t1 or g99309.t1
R_rxn15116_c0	g139177.t1 or g171247.t1 or g173224.t1 or g174079.t1 or g24400.t1 or g27965.t1 or g28691.t1 or g30474.t1 or g33187.t1 or g69669.t1 or g70138.t1 or g72332.t1 or g98050.t1
R_rxn15116_d0	g139177.t1 or g171247.t1 or g173224.t1 or g174079.t1 or g24400.t1 or g27965.t1 or g28691.t1 or g30474.t1 or g33187.t1 or g69669.t1 or g70138.t1 or g72332.t1 or g98050.t1
R_rxn15118_c0	g121103.t1 or g139081.t1 or g173244.t1 or g174099.t1 or g188418.t1 or g201435.t1 or g201436.t1 or g201437.t1 or g20299.t1 or g50327.t1 or g69398.t1
R_rxn15121_m0	
R_rxn15151_c0	g175789.t1 or g176690.t1 or g188284.t1 or g189814.t1 or g202710.t1 or g204152.t1
R_rxn15151_n0	g175789.t1 or g176690.t1 or g188284.t1 or g189814.t1 or g202710.t1 or g204152.t1
R_rxn15166_d0	g108590.t1 or g11069.t1 or g123559.t1 or g134271.t1 or g136280.t1 or g138580.t1 or g174527.t1 or g194825.t1 or g197836.t1 or g197864.t1
R_rxn15209_c0	g133516.t1 or g133691.t1 or g135528.t1 or g135700.t1 or g34238.t1
R_rxn15229_c0	
R_rxn15249_m0	g100706.t1 or g186390.t1 or g186711.t1 or g202695.t1 or g204136.t1 or g33507.t1 or g47666.t1 or g68964.t1
R_rxn15250_c0	
R_rxn15250_d0	
R_rxn15271_d0	g10346.t1 or g13310.t1 or g161779.t1 or g86118.t1
R_rxn15280_c0	g116973.t1 or g118113.t1 or g119428.t1 or g202311.t1 or g203712.t1
R_rxn15280_d0	g116973.t1 or g118113.t1 or g119428.t1 or g202311.t1 or g203712.t1
R_rxn15280_m0	g116973.t1 or g118113.t1 or g119428.t1 or g202311.t1 or g203712.t1
R_rxn15298_c0	g116652.t1 or g188506.t1 or g32759.t1
R_rxn15298_d0	g116652.t1 or g188506.t1 or g32759.t1
R_rxn15348_c0	
R_rxn15364_c0	g123727.t1 or g204684.t1 or g68240.t1
R_rxn15364_d0	g123727.t1 or g204684.t1 or g68240.t1
R_rxn15435_c0	g100706.t1 or g101385.t1 or g101387.t1 or g161322.t1 or g183870.t1 or g186390.t1 or g186711.t1 or g202695.t1 or g204136.t1 or g33469.t1 or g33507.t1 or g44103.t1 or g45638.t1 or g47666.t1 or g68964.t1
R_rxn15435_d0	g100706.t1 or g101385.t1 or g101387.t1 or g161322.t1 or g183870.t1 or g186390.t1 or g186711.t1 or g202695.t1 or g204136.t1 or g33469.t1 or g33507.t1 or g44103.t1 or g45638.t1 or g47666.t1 or g68964.t1
R_rxn15435_m0	g100706.t1 or g101385.t1 or g101387.t1 or g161322.t1 or g183870.t1 or g186390.t1 or g186711.t1 or g202695.t1 or g204136.t1 or g33469.t1 or g33507.t1 or g44103.t1 or g45638.t1 or g47666.t1 or g68964.t1
R_rxn15493_c0	g116383.t1 or g134083.t1 or g134085.t1 or g136092.t1 or g136094.t1 or g175293.t1 or g176088.t1 or g188493.t1 or g43519.t1 or g49530.t1 or g49889.t1 or g66183.t1 or g66244.t1 or g66245.t1 or g67885.t1
R_rxn15493_d0	g116383.t1 or g134083.t1 or g134085.t1 or g136092.t1 or g136094.t1 or g175293.t1 or g176088.t1 or g188493.t1 or g43519.t1 or g49530.t1 or g49889.t1 or g66183.t1 or g66244.t1 or g66245.t1 or g67885.t1
R_rxn15494_c0	g131196.t1 or g138813.t1 or g172475.t1 or g172476.t1 or g188947.t1 or g23843.t1 or g65977.t1 or g67544.t1
R_rxn15494_d0	g131196.t1 or g138813.t1 or g172475.t1 or g172476.t1 or g188947.t1 or g23843.t1 or g65977.t1 or g67544.t1
R_rxn17196_c0	g103699.t1 or g106430.t1 or g27559.t1 or g28619.t1 or g29332.t1 or g30422.t1 or g33135.t1
R_rxn17196_d0	g103699.t1 or g106430.t1 or g27559.t1 or g28619.t1 or g29332.t1 or g30422.t1 or g33135.t1
R_rxn17428_m0	g117545.t1 or g118833.t1
R_rxn17469_d0	g115972.t1 or g115973.t1 or g116712.t1 or g116718.t1 or g122081.t1 or g125043.t1 or g138627.t1 or g204239.t1 or g31841.t1 or g47796.t1
R_rxn17731_c0	g101415.t1
R_rxn17731_m0	g101415.t1
R_rxn17744_d0	
R_rxn17744_m0	
R_rxn17803_d0	g102016.t1 or g202617.t1 or g204034.t1 or g44812.t1 or g69672.t1 or g70141.t1
R_rxn18935_d0	
R_rxn18936_d0	g23724.t1
R_rxn18937_d0	
R_rxn19027_d0	g117388.t1 or g117396.t1 or g118521.t1 or g118529.t1 or g204492.t1
R_rxn19029_d0	g117388.t1 or g117396.t1 or g118521.t1 or g118529.t1 or g204492.t1
R_rxn19030_d0	g102042.t1 or g102043.t1 or g117682.t1 or g117685.t1 or g118996.t1 or g118997.t1 or g156557.t1 or g175368.t1 or g176168.t1 or g201318.t1 or g201320.t1 or g201324.t1 or g201331.t1 or g35657.t1 or g36930.t1 or g66612.t1 or g68264.t1 or g98373.t1 or g99573.t1
R_rxn19071_c0	g117790.t1 or g119100.t1 or g187535.t1
R_rxn19071_d0	g117790.t1 or g119100.t1 or g187535.t1
R_rxn19077_c0	g20890.t1 or g34311.t1 or g49476.t1 or g65282.t1 or g65571.t1
R_rxn19240_c0	g112444.t1 or g114325.t1 or g188715.t1 or g22991.t1 or g33525.t1 or g33527.t1 or g33528.t1 or g35373.t1 or g36663.t1 or g66751.t1 or g66753.t1 or g68407.t1 or g68417.t1
R_rxn19240_d0	g112444.t1 or g114325.t1 or g188715.t1 or g22991.t1 or g33525.t1 or g33527.t1 or g33528.t1 or g35373.t1 or g36663.t1 or g66751.t1 or g66753.t1 or g68407.t1 or g68417.t1
R_rxn19240_m0	g112444.t1 or g114325.t1 or g188715.t1 or g22991.t1 or g33525.t1 or g33527.t1 or g33528.t1 or g35373.t1 or g36663.t1 or g66751.t1 or g66753.t1 or g68407.t1 or g68417.t1
R_rxn19241_c0	g112444.t1 or g114325.t1 or g188715.t1 or g22991.t1 or g33525.t1 or g33527.t1 or g33528.t1 or g35373.t1 or g36663.t1 or g66751.t1 or g66753.t1 or g68407.t1 or g68417.t1
R_rxn19241_d0	g112444.t1 or g114325.t1 or g188715.t1 or g22991.t1 or g33525.t1 or g33527.t1 or g33528.t1 or g35373.t1 or g36663.t1 or g66751.t1 or g66753.t1 or g68407.t1 or g68417.t1
R_rxn19241_m0	g112444.t1 or g114325.t1 or g188715.t1 or g22991.t1 or g33525.t1 or g33527.t1 or g33528.t1 or g35373.t1 or g36663.t1 or g66751.t1 or g66753.t1 or g68407.t1 or g68417.t1
R_rxn19242_c0	g112444.t1 or g114325.t1 or g188715.t1 or g22991.t1 or g33525.t1 or g33527.t1 or g33528.t1 or g35373.t1 or g36663.t1 or g66751.t1 or g66753.t1 or g68407.t1 or g68417.t1
R_rxn19242_d0	g112444.t1 or g114325.t1 or g188715.t1 or g22991.t1 or g33525.t1 or g33527.t1 or g33528.t1 or g35373.t1 or g36663.t1 or g66751.t1 or g66753.t1 or g68407.t1 or g68417.t1
R_rxn19242_m0	g112444.t1 or g114325.t1 or g188715.t1 or g22991.t1 or g33525.t1 or g33527.t1 or g33528.t1 or g35373.t1 or g36663.t1 or g66751.t1 or g66753.t1 or g68407.t1 or g68417.t1
R_rxn19246_d0	g116406.t1 or g117224.t1 or g118368.t1 or g120520.t1 or g121339.t1 or g121341.t1 or g138557.t1 or g158378.t1 or g158379.t1 or g159770.t1 or g177399.t1 or g202757.t1 or g204200.t1 or g21156.t1 or g23057.t1 or g24242.t1
R_rxn19246_r0	g116406.t1 or g117224.t1 or g118368.t1 or g120520.t1 or g121339.t1 or g121341.t1 or g138557.t1 or g158378.t1 or g158379.t1 or g159770.t1 or g177399.t1 or g202757.t1 or g204200.t1 or g21156.t1 or g23057.t1 or g24242.t1
R_rxn19246_x0	g116406.t1 or g117224.t1 or g118368.t1 or g120520.t1 or g121339.t1 or g121341.t1 or g138557.t1 or g158378.t1 or g158379.t1 or g159770.t1 or g177399.t1 or g202757.t1 or g204200.t1 or g21156.t1 or g23057.t1 or g24242.t1
R_rxn19253_d0	g101544.t1 or g187147.t1 or g187793.t1 or g32702.t1 or g32719.t1
R_rxn19277_c0	g20890.t1 or g34311.t1 or g49476.t1 or g65282.t1 or g65571.t1
R_rxn19316_m0	g117544.t1 or g118832.t1 or g204525.t1 or g21725.t1
R_rxn19316_x0	g117544.t1 or g118832.t1 or g204525.t1 or g21725.t1
R_rxn19488_m0	g50134.t1 or g51058.t1 or g86456.t1 or g97837.t1
R_rxn19544_c0	g189710.t1 or g86528.t1
R_rxn19544_d0	g189710.t1 or g86528.t1
R_rxn19545_d0	g189710.t1 or g86528.t1
R_rxn19686_d0	
R_rxn19701_d0	g138547.t1 or g170860.t1 or g192305.t1 or g24171.t1 or g39845.t1
R_rxn19771_c0	g20890.t1 or g34311.t1 or g49476.t1 or g65282.t1 or g65571.t1
R_rxn19828_d0	g41392.t1 or g41394.t1 or g41396.t1
R_rxn19828_m0	g41392.t1 or g41394.t1 or g41396.t1
R_rxn19900_c0	g11777.t1 or g14239.t1 or g173358.t1 or g174215.t1 or g1919.t1 or g2985.t1 or g6019.t1 or g8429.t1
R_rxn19900_d0	g11777.t1 or g14239.t1 or g173358.t1 or g174215.t1 or g1919.t1 or g2985.t1 or g6019.t1 or g8429.t1
R_rxn19900_x0	g11777.t1 or g14239.t1 or g173358.t1 or g174215.t1 or g1919.t1 or g2985.t1 or g6019.t1 or g8429.t1
R_rxn19905_d0	g48747.t1
R_rxn20176_m0	
R_rxn20496_m0	g122984.t1 or g122985.t1 or g125876.t1
R_rxn20508_c0	g117411.t1 or g117750.t1 or g117753.t1 or g118546.t1 or g119065.t1 or g160472.t1 or g182496.t1 or g183094.t1 or g204669.t1 or g32163.t1 or g32166.t1 or g48102.t1
R_rxn20583_c0	g116470.t1 or g116473.t1 or g44096.t1 or g44097.t1 or g44099.t1 or g45642.t1 or g45644.t1 or g45645.t1 or g48482.t1 or g55944.t1 or g55947.t1 or g58840.t1 or g58842.t1
R_rxn20583_d0	g116470.t1 or g116473.t1 or g44096.t1 or g44097.t1 or g44099.t1 or g45642.t1 or g45644.t1 or g45645.t1 or g48482.t1 or g55944.t1 or g55947.t1 or g58840.t1 or g58842.t1
R_rxn20595_c0	g202254.t1 or g203658.t1
R_rxn20595_d0	g202254.t1 or g203658.t1
R_rxn20632_d0	g13144.t1 or g134433.t1 or g136440.t1 or g139214.t1 or g145973.t1 or g146130.t1 or g154208.t1 or g191353.t1 or g191366.t1 or g3926.t1 or g41095.t1 or g42058.t1 or g42060.t1 or g42091.t1 or g68795.t1 or g68796.t1 or g8866.t1 or g8872.t1 or g9120.t1 or g9127.t1 or g93564.t1 or g93568.t1 or g98209.t1 or g99421.t1
R_rxn20643_d0	g87609.t1
R_rxn20649_m0	
R_rxn21635_c0	g101831.t1 or g187355.t1 or g47541.t1
R_rxn21635_n0	g101831.t1 or g187355.t1 or g47541.t1
R_rxn22111_m0	g201429.t1 or g21760.t1
R_rxn22116_m0	g117545.t1 or g118833.t1
R_rxn23155_d0	g46787.t1 or g46788.t1 or g46789.t1 or g46790.t1
R_rxn23415_d0	g46787.t1 or g46788.t1 or g46789.t1 or g46790.t1
R_rxn23801_c0	g174754.t1 or g174755.t1 or g174756.t1 or g174762.t1 or g174763.t1 or g174772.t1 or g174773.t1 or g1962.t1 or g1964.t1 or g22706.t1 or g3043.t1 or g3044.t1
R_rxn23801_r0	g174754.t1 or g174755.t1 or g174756.t1 or g174762.t1 or g174763.t1 or g174772.t1 or g174773.t1 or g1962.t1 or g1964.t1 or g22706.t1 or g3043.t1 or g3044.t1
R_rxn24109_d0	g102579.t1 or g105401.t1 or g138807.t1 or g26360.t1 or g95343.t1 or g96054.t1 or g98836.t1 or g99914.t1
R_rxn24286_c0	
R_rxn24312_d0	
R_rxn24330_d0	g31689.t1
R_rxn24330_x0	g31689.t1
R_rxn24348_c0	g46977.t1
R_rxn24508_d0	g175382.t1 or g175389.t1 or g175392.t1 or g176182.t1 or g176185.t1 or g2285.t1 or g2286.t1 or g2288.t1 or g2294.t1 or g2295.t1 or g3413.t1 or g3415.t1 or g3417.t1 or g3418.t1 or g42177.t1 or g97425.t1 or g97975.t1 or g98268.t1 or g98269.t1 or g98270.t1 or g98281.t1 or g98283.t1 or g98288.t1 or g98295.t1 or g98301.t1 or g98302.t1 or g98304.t1 or g98306.t1 or g98310.t1 or g98314.t1 or g98316.t1 or g99484.t1 or g99485.t1 or g99490.t1 or g99492.t1 or g99499.t1 or g99502.t1 or g99509.t1 or g99510.t1
R_rxn25637_d0	g101092.t1 or g101193.t1 or g10620.t1 or g121362.t1 or g121363.t1 or g13671.t1 or g46375.t1 or g71409.t1 or g71449.t1
R_rxn25641_d0	g101092.t1 or g101193.t1 or g10620.t1 or g121362.t1 or g121363.t1 or g13671.t1 or g46375.t1 or g71409.t1 or g71449.t1
R_rxn25647_d0	
R_rxn25649_d0	g101092.t1 or g101193.t1 or g10620.t1 or g121362.t1 or g121363.t1 or g13671.t1 or g46375.t1 or g71409.t1 or g71449.t1
R_rxn25661_d0	g101092.t1 or g101193.t1 or g10620.t1 or g121362.t1 or g121363.t1 or g13671.t1 or g46375.t1 or g71409.t1 or g71449.t1
R_rxn25662_d0	
R_rxn25716_d0	
R_rxn25718_d0	g101092.t1 or g101193.t1 or g10620.t1 or g121362.t1 or g121363.t1 or g13671.t1 or g46375.t1 or g71409.t1 or g71449.t1
R_rxn25719_d0	g23724.t1
R_rxn25743_d0	g1052.t1 or g174673.t1 or g247.t1
R_rxn25747_d0	g1052.t1 or g174673.t1 or g247.t1
R_rxn25750_d0	g1052.t1 or g174673.t1 or g247.t1
R_rxn25762_d0	g116406.t1 or g117224.t1 or g118368.t1 or g120520.t1 or g121339.t1 or g121341.t1 or g138557.t1 or g158378.t1 or g158379.t1 or g159770.t1 or g177399.t1 or g202757.t1 or g204200.t1 or g21156.t1 or g23057.t1 or g24242.t1
R_rxn25762_r0	g116406.t1 or g117224.t1 or g118368.t1 or g120520.t1 or g121339.t1 or g121341.t1 or g138557.t1 or g158378.t1 or g158379.t1 or g159770.t1 or g177399.t1 or g202757.t1 or g204200.t1 or g21156.t1 or g23057.t1 or g24242.t1
R_rxn25762_x0	g116406.t1 or g117224.t1 or g118368.t1 or g120520.t1 or g121339.t1 or g121341.t1 or g138557.t1 or g158378.t1 or g158379.t1 or g159770.t1 or g177399.t1 or g202757.t1 or g204200.t1 or g21156.t1 or g23057.t1 or g24242.t1
R_rxn26013_d0	g119360.t1 or g160173.t1 or g188460.t1 or g22959.t1 or g3406.t1
R_rxn26037_d0	g133692.t1 or g30885.t1 or g33518.t1 or g86798.t1 or g86799.t1
R_rxn26477_d0	g187401.t1
R_rxn26754_d0	
R_rxn27259_c0	g158563.t1 or g159159.t1 or g34457.t1 or g34458.t1
R_rxn27259_d0	g158563.t1 or g159159.t1 or g34457.t1 or g34458.t1
R_rxn27259_n0	g158563.t1 or g159159.t1 or g34457.t1 or g34458.t1
R_rxn27266_c0	g186844.t1
R_rxn27266_d0	g186844.t1
R_rxn27318_c0	g174371.t1 or g32951.t1 or g34848.t1 or g50040.t1
R_rxn27318_d0	g174371.t1 or g32951.t1 or g34848.t1 or g50040.t1
R_rxn27318_m0	g174371.t1 or g32951.t1 or g34848.t1 or g50040.t1
R_rxn27415_c0	g20890.t1 or g34311.t1 or g49476.t1 or g65282.t1 or g65571.t1
R_rxn27497_d0	g101327.t1 or g101349.t1 or g106834.t1 or g112563.t1 or g119999.t1 or g120001.t1 or g120877.t1 or g120879.t1 or g121560.t1 or g121583.t1 or g121590.t1 or g121602.t1 or g121606.t1 or g121608.t1 or g121622.t1 or g121623.t1 or g121627.t1 or g121641.t1 or g122554.t1 or g122584.t1 or g124578.t1 or g124582.t1 or g124584.t1 or g124598.t1 or g124599.t1 or g124603.t1 or g124617.t1 or g125462.t1 or g125482.t1 or g128131.t1 or g129203.t1 or g129206.t1 or g134132.t1 or g136141.t1 or g136840.t1 or g136913.t1 or g136916.t1 or g136928.t1 or g136932.t1 or g136933.t1 or g142176.t1 or g164660.t1 or g165889.t1 or g166627.t1 or g167625.t1 or g28036.t1 or g28629.t1 or g4379.t1 or g54307.t1 or g72122.t1 or g95023.t1 or g96148.t1 or g97948.t1 or g97953.t1
R_rxn27709_d0	g204398.t1 or g204400.t1 or g4816.t1 or g4940.t1 or g4941.t1 or g87605.t1 or g87623.t1 or g87624.t1 or g87629.t1 or g87630.t1 or g87631.t1 or g87634.t1
R_rxn27927_d0	g177775.t1 or g24350.t1
R_rxn28082_d0	g32142.t1 or g93732.t1 or g94673.t1
R_rxn28083_d0	g63792.t1 or g64813.t1
R_rxn28487_d0	g102016.t1 or g202617.t1 or g204034.t1 or g44812.t1 or g69672.t1 or g70141.t1
R_rxn28615_d0	g119360.t1 or g160173.t1 or g188460.t1 or g22959.t1 or g3406.t1
R_rxn29919_d0	g138106.t1 or g182336.t1 or g182906.t1
R_rxn31240_c0	g103665.t1 or g103667.t1 or g106398.t1 or g106401.t1 or g138512.t1 or g160975.t1 or g22550.t1 or g31351.t1 or g33254.t1 or g53845.t1
R_rxn37018_c0	g117696.t1 or g119007.t1
R_rxn37018_d0	g117696.t1 or g119007.t1
R_rxn37266_c0	g116027.t1 or g116033.t1 or g160091.t1 or g160113.t1 or g204243.t1 or g32773.t1 or g44649.t1
R_rxn37266_d0	g116027.t1 or g116033.t1 or g160091.t1 or g160113.t1 or g204243.t1 or g32773.t1 or g44649.t1
R_rxn37324_d0	g116406.t1 or g117224.t1 or g118368.t1 or g120520.t1 or g121339.t1 or g121341.t1 or g138557.t1 or g158378.t1 or g158379.t1 or g159770.t1 or g177399.t1 or g202757.t1 or g204200.t1 or g21156.t1 or g23057.t1 or g24242.t1
R_rxn37324_r0	g116406.t1 or g117224.t1 or g118368.t1 or g120520.t1 or g121339.t1 or g121341.t1 or g138557.t1 or g158378.t1 or g158379.t1 or g159770.t1 or g177399.t1 or g202757.t1 or g204200.t1 or g21156.t1 or g23057.t1 or g24242.t1
R_rxn37324_x0	g116406.t1 or g117224.t1 or g118368.t1 or g120520.t1 or g121339.t1 or g121341.t1 or g138557.t1 or g158378.t1 or g158379.t1 or g159770.t1 or g177399.t1 or g202757.t1 or g204200.t1 or g21156.t1 or g23057.t1 or g24242.t1
R_rxn37585_c0	
R_rxn37610_d0	g117690.t1 or g119002.t1
R_rxn37610_m0	g117690.t1 or g119002.t1
R_rxn37610_r0	g117690.t1 or g119002.t1
R_rxn37651_d0	g1052.t1 or g174673.t1 or g247.t1
R_rxn37695_c0	
R_rxn37863_c0	g138343.t1 or g138596.t1 or g189056.t1
